
create table currency
(
	id char(3) not null
		primary key
);

create table customer
(
	id int auto_increment
		primary key,
	name varchar(128) not null
);

create table invoice
(
	id int auto_increment
		primary key,
	date datetime not null,
	value decimal not null,
	currency char(3) not null,
	sender int not null,
	recipient int not null,
	constraint FK_currency
		foreign key (currency) references currency (id),
	constraint FK_recipient
		foreign key (recipient) references customer (id),
	constraint FK_sender
		foreign key (sender) references customer (id)
);

INSERT INTO currency (id) VALUES ('ALL');
INSERT INTO currency (id) VALUES ('AUD');
INSERT INTO currency (id) VALUES ('BGN');
INSERT INTO currency (id) VALUES ('BHD');
INSERT INTO currency (id) VALUES ('CHF');
INSERT INTO currency (id) VALUES ('EUR');
INSERT INTO currency (id) VALUES ('GBP');
INSERT INTO currency (id) VALUES ('HKD');
INSERT INTO currency (id) VALUES ('NOK');
INSERT INTO currency (id) VALUES ('PLN');
INSERT INTO currency (id) VALUES ('RUB');
INSERT INTO currency (id) VALUES ('SEK');
INSERT INTO currency (id) VALUES ('USD');

INSERT INTO customer (name) VALUES ('slembands');
INSERT INTO customer (name) VALUES ('aminter');
INSERT INTO customer (name) VALUES ('parapentors');
INSERT INTO customer (name) VALUES ('craptacular');
INSERT INTO customer (name) VALUES ('drewaswine');
INSERT INTO customer (name) VALUES ('stmancies');
INSERT INTO customer (name) VALUES ('acirassi');
INSERT INTO customer (name) VALUES ('strustate');
INSERT INTO customer (name) VALUES ('clairpor');
INSERT INTO customer (name) VALUES ('relity');
INSERT INTO customer (name) VALUES ('micapassaise');
INSERT INTO customer (name) VALUES ('dermerprection');
INSERT INTO customer (name) VALUES ('fifters');
INSERT INTO customer (name) VALUES ('buquor');
INSERT INTO customer (name) VALUES ('whomptilizes');
INSERT INTO customer (name) VALUES ('whitiania');
INSERT INTO customer (name) VALUES ('anitisrammist');
INSERT INTO customer (name) VALUES ('snaphors');
INSERT INTO customer (name) VALUES ('obseum');
INSERT INTO customer (name) VALUES ('brinercionized');
INSERT INTO customer (name) VALUES ('hospelece');
INSERT INTO customer (name) VALUES ('vulnessione');
INSERT INTO customer (name) VALUES ('sulatoged');
INSERT INTO customer (name) VALUES ('liminary');
INSERT INTO customer (name) VALUES ('contle');
INSERT INTO customer (name) VALUES ('dickstonyx');
INSERT INTO customer (name) VALUES ('unliescatice');
INSERT INTO customer (name) VALUES ('morior');
INSERT INTO customer (name) VALUES ('quasion');
INSERT INTO customer (name) VALUES ('doctions');
INSERT INTO customer (name) VALUES ('chanving');
INSERT INTO customer (name) VALUES ('grition');
INSERT INTO customer (name) VALUES ('deouslate');
INSERT INTO customer (name) VALUES ('eadicerolawyne');
INSERT INTO customer (name) VALUES ('pokebroard');

INSERT INTO invoice (date, value, currency, sender, recipient) VALUES ('2021-04-17 03:13:32', 59, 'ALL', 13, 35);
INSERT INTO invoice (date, value, currency, sender, recipient) VALUES ('2021-05-22 23:33:56', 45, 'AUD', 21, 19);
INSERT INTO invoice (date, value, currency, sender, recipient) VALUES ('2021-04-25 09:41:26', 17, 'AUD', 35, 27);
INSERT INTO invoice (date, value, currency, sender, recipient) VALUES ('2021-06-02 14:46:54', 79, 'PLN', 13, 15);
INSERT INTO invoice (date, value, currency, sender, recipient) VALUES ('2021-04-30 19:03:09', 4, 'USD', 24, 30);
INSERT INTO invoice (date, value, currency, sender, recipient) VALUES ('2021-05-15 04:14:14', 97, 'GBP', 1, 28);
INSERT INTO invoice (date, value, currency, sender, recipient) VALUES ('2021-04-14 12:10:39', 97, 'BHD', 26, 11);
INSERT INTO invoice (date, value, currency, sender, recipient) VALUES ('2021-05-06 18:38:20', 7, 'EUR', 29, 24);
INSERT INTO invoice (date, value, currency, sender, recipient) VALUES ('2021-05-20 11:57:27', 56, 'PLN', 3, 27);
INSERT INTO invoice (date, value, currency, sender, recipient) VALUES ('2021-06-05 11:30:10', 40, 'EUR', 34, 8);
INSERT INTO invoice (date, value, currency, sender, recipient) VALUES ('2021-05-05 04:20:23', 74, 'HKD', 22, 21);
INSERT INTO invoice (date, value, currency, sender, recipient) VALUES ('2021-05-20 23:56:39', 67, 'USD', 7, 2);
INSERT INTO invoice (date, value, currency, sender, recipient) VALUES ('2021-05-28 02:05:37', 33, 'NOK', 6, 33);
INSERT INTO invoice (date, value, currency, sender, recipient) VALUES ('2021-05-02 16:47:17', 100, 'SEK', 13, 17);
INSERT INTO invoice (date, value, currency, sender, recipient) VALUES ('2021-05-21 06:38:00', 39, 'BGN', 6, 6);
INSERT INTO invoice (date, value, currency, sender, recipient) VALUES ('2021-05-10 12:32:50', 14, 'AUD', 27, 26);
INSERT INTO invoice (date, value, currency, sender, recipient) VALUES ('2021-05-07 21:46:18', 78, 'ALL', 6, 29);
INSERT INTO invoice (date, value, currency, sender, recipient) VALUES ('2021-04-19 04:44:28', 43, 'CHF', 22, 34);
INSERT INTO invoice (date, value, currency, sender, recipient) VALUES ('2021-06-05 18:15:25', 1, 'PLN', 32, 10);
INSERT INTO invoice (date, value, currency, sender, recipient) VALUES ('2021-05-06 12:41:45', 17, 'ALL', 25, 4);
INSERT INTO invoice (date, value, currency, sender, recipient) VALUES ('2021-06-05 15:17:08', 5, 'EUR', 28, 22);
INSERT INTO invoice (date, value, currency, sender, recipient) VALUES ('2021-05-14 04:19:26', 15, 'SEK', 3, 18);
INSERT INTO invoice (date, value, currency, sender, recipient) VALUES ('2021-05-29 22:40:08', 18, 'HKD', 30, 31);
INSERT INTO invoice (date, value, currency, sender, recipient) VALUES ('2021-05-26 11:48:23', 18, 'AUD', 26, 35);
INSERT INTO invoice (date, value, currency, sender, recipient) VALUES ('2021-04-26 12:07:25', 82, 'EUR', 34, 3);
INSERT INTO invoice (date, value, currency, sender, recipient) VALUES ('2021-06-08 04:00:48', 2, 'EUR', 14, 24);
INSERT INTO invoice (date, value, currency, sender, recipient) VALUES ('2021-04-21 14:03:59', 63, 'RUB', 21, 9);
INSERT INTO invoice (date, value, currency, sender, recipient) VALUES ('2021-05-27 16:40:52', 84, 'CHF', 32, 9);
INSERT INTO invoice (date, value, currency, sender, recipient) VALUES ('2021-05-24 15:11:34', 10, 'GBP', 12, 14);
INSERT INTO invoice (date, value, currency, sender, recipient) VALUES ('2021-05-12 06:26:17', 57, 'BHD', 31, 17);
INSERT INTO invoice (date, value, currency, sender, recipient) VALUES ('2021-05-13 04:35:15', 71, 'BHD', 4, 32);
INSERT INTO invoice (date, value, currency, sender, recipient) VALUES ('2021-05-22 17:30:29', 41, 'PLN', 15, 23);
INSERT INTO invoice (date, value, currency, sender, recipient) VALUES ('2021-04-20 08:51:32', 49, 'BHD', 1, 34);
INSERT INTO invoice (date, value, currency, sender, recipient) VALUES ('2021-05-13 08:20:30', 65, 'BGN', 28, 18);
INSERT INTO invoice (date, value, currency, sender, recipient) VALUES ('2021-06-09 02:51:28', 57, 'PLN', 7, 27);
INSERT INTO invoice (date, value, currency, sender, recipient) VALUES ('2021-04-28 15:10:38', 64, 'ALL', 22, 12);
INSERT INTO invoice (date, value, currency, sender, recipient) VALUES ('2021-05-31 14:50:13', 85, 'EUR', 8, 15);
INSERT INTO invoice (date, value, currency, sender, recipient) VALUES ('2021-05-12 13:40:04', 90, 'BHD', 3, 35);
INSERT INTO invoice (date, value, currency, sender, recipient) VALUES ('2021-05-24 02:56:43', 50, 'USD', 15, 6);
INSERT INTO invoice (date, value, currency, sender, recipient) VALUES ('2021-04-22 22:14:50', 15, 'EUR', 7, 23);
INSERT INTO invoice (date, value, currency, sender, recipient) VALUES ('2021-04-20 03:09:12', 43, 'PLN', 21, 18);
INSERT INTO invoice (date, value, currency, sender, recipient) VALUES ('2021-05-26 19:00:47', 48, 'CHF', 24, 24);
INSERT INTO invoice (date, value, currency, sender, recipient) VALUES ('2021-04-29 05:14:24', 25, 'ALL', 10, 28);
INSERT INTO invoice (date, value, currency, sender, recipient) VALUES ('2021-06-07 00:16:56', 11, 'HKD', 18, 9);
INSERT INTO invoice (date, value, currency, sender, recipient) VALUES ('2021-04-13 09:14:55', 55, 'BHD', 20, 21);
INSERT INTO invoice (date, value, currency, sender, recipient) VALUES ('2021-04-25 02:08:21', 82, 'RUB', 23, 9);
INSERT INTO invoice (date, value, currency, sender, recipient) VALUES ('2021-06-08 14:57:57', 98, 'PLN', 33, 34);
INSERT INTO invoice (date, value, currency, sender, recipient) VALUES ('2021-05-11 02:32:34', 37, 'PLN', 6, 29);
INSERT INTO invoice (date, value, currency, sender, recipient) VALUES ('2021-06-08 01:00:14', 89, 'HKD', 33, 30);
INSERT INTO invoice (date, value, currency, sender, recipient) VALUES ('2021-05-06 05:14:56', 42, 'EUR', 23, 5);
INSERT INTO invoice (date, value, currency, sender, recipient) VALUES ('2021-04-16 11:15:54', 14, 'AUD', 29, 9);
INSERT INTO invoice (date, value, currency, sender, recipient) VALUES ('2021-05-11 01:55:10', 62, 'USD', 24, 14);
INSERT INTO invoice (date, value, currency, sender, recipient) VALUES ('2021-06-10 06:03:58', 81, 'ALL', 31, 29);
INSERT INTO invoice (date, value, currency, sender, recipient) VALUES ('2021-06-05 12:49:53', 86, 'ALL', 27, 25);
INSERT INTO invoice (date, value, currency, sender, recipient) VALUES ('2021-04-30 10:16:10', 27, 'GBP', 8, 2);
INSERT INTO invoice (date, value, currency, sender, recipient) VALUES ('2021-05-04 18:52:48', 26, 'SEK', 23, 3);
INSERT INTO invoice (date, value, currency, sender, recipient) VALUES ('2021-05-12 17:27:29', 46, 'RUB', 12, 13);
INSERT INTO invoice (date, value, currency, sender, recipient) VALUES ('2021-05-04 19:56:33', 81, 'HKD', 23, 32);
INSERT INTO invoice (date, value, currency, sender, recipient) VALUES ('2021-06-02 19:57:55', 15, 'PLN', 32, 32);
INSERT INTO invoice (date, value, currency, sender, recipient) VALUES ('2021-05-25 11:22:28', 84, 'PLN', 1, 2);
INSERT INTO invoice (date, value, currency, sender, recipient) VALUES ('2021-05-26 09:07:57', 93, 'BGN', 29, 19);
INSERT INTO invoice (date, value, currency, sender, recipient) VALUES ('2021-05-29 16:07:06', 78, 'BGN', 27, 29);
INSERT INTO invoice (date, value, currency, sender, recipient) VALUES ('2021-05-14 16:51:56', 90, 'BGN', 6, 11);
INSERT INTO invoice (date, value, currency, sender, recipient) VALUES ('2021-06-05 17:06:33', 92, 'ALL', 8, 25);
INSERT INTO invoice (date, value, currency, sender, recipient) VALUES ('2021-05-23 04:40:13', 61, 'HKD', 7, 29);
INSERT INTO invoice (date, value, currency, sender, recipient) VALUES ('2021-06-08 09:33:25', 52, 'BHD', 22, 27);
INSERT INTO invoice (date, value, currency, sender, recipient) VALUES ('2021-05-06 11:43:03', 87, 'AUD', 28, 8);
INSERT INTO invoice (date, value, currency, sender, recipient) VALUES ('2021-04-26 02:47:19', 51, 'USD', 2, 4);
INSERT INTO invoice (date, value, currency, sender, recipient) VALUES ('2021-05-26 08:40:39', 83, 'NOK', 15, 19);
INSERT INTO invoice (date, value, currency, sender, recipient) VALUES ('2021-04-23 05:15:04', 43, 'BGN', 32, 30);
INSERT INTO invoice (date, value, currency, sender, recipient) VALUES ('2021-05-08 06:19:06', 5, 'BGN', 6, 22);
INSERT INTO invoice (date, value, currency, sender, recipient) VALUES ('2021-05-09 19:56:51', 69, 'EUR', 35, 20);
INSERT INTO invoice (date, value, currency, sender, recipient) VALUES ('2021-04-23 09:37:05', 25, 'SEK', 17, 8);
INSERT INTO invoice (date, value, currency, sender, recipient) VALUES ('2021-04-14 10:55:18', 57, 'RUB', 14, 27);
INSERT INTO invoice (date, value, currency, sender, recipient) VALUES ('2021-05-03 14:26:14', 66, 'USD', 10, 5);
INSERT INTO invoice (date, value, currency, sender, recipient) VALUES ('2021-04-12 11:20:12', 57, 'CHF', 23, 15);
INSERT INTO invoice (date, value, currency, sender, recipient) VALUES ('2021-04-22 14:46:43', 53, 'ALL', 30, 16);
INSERT INTO invoice (date, value, currency, sender, recipient) VALUES ('2021-06-04 03:09:18', 89, 'NOK', 3, 6);
INSERT INTO invoice (date, value, currency, sender, recipient) VALUES ('2021-05-03 04:24:41', 33, 'GBP', 31, 18);
INSERT INTO invoice (date, value, currency, sender, recipient) VALUES ('2021-05-16 04:25:25', 87, 'ALL', 1, 12);
INSERT INTO invoice (date, value, currency, sender, recipient) VALUES ('2021-05-26 13:58:24', 5, 'AUD', 14, 14);
INSERT INTO invoice (date, value, currency, sender, recipient) VALUES ('2021-04-27 10:17:36', 54, 'SEK', 18, 35);
INSERT INTO invoice (date, value, currency, sender, recipient) VALUES ('2021-06-10 08:38:09', 7, 'PLN', 33, 1);
INSERT INTO invoice (date, value, currency, sender, recipient) VALUES ('2021-06-06 07:05:10', 47, 'BGN', 3, 22);
INSERT INTO invoice (date, value, currency, sender, recipient) VALUES ('2021-04-20 19:54:21', 80, 'BGN', 6, 17);
INSERT INTO invoice (date, value, currency, sender, recipient) VALUES ('2021-05-15 04:29:25', 48, 'ALL', 17, 33);
INSERT INTO invoice (date, value, currency, sender, recipient) VALUES ('2021-05-13 21:12:42', 49, 'PLN', 21, 33);
INSERT INTO invoice (date, value, currency, sender, recipient) VALUES ('2021-06-02 00:05:18', 9, 'USD', 27, 29);
INSERT INTO invoice (date, value, currency, sender, recipient) VALUES ('2021-05-08 10:02:52', 61, 'BGN', 22, 14);
INSERT INTO invoice (date, value, currency, sender, recipient) VALUES ('2021-05-17 09:36:13', 6, 'BHD', 29, 30);
INSERT INTO invoice (date, value, currency, sender, recipient) VALUES ('2021-05-10 10:21:23', 11, 'BGN', 15, 33);
INSERT INTO invoice (date, value, currency, sender, recipient) VALUES ('2021-05-08 00:10:28', 74, 'NOK', 19, 32);
INSERT INTO invoice (date, value, currency, sender, recipient) VALUES ('2021-04-23 07:26:52', 60, 'RUB', 16, 11);
INSERT INTO invoice (date, value, currency, sender, recipient) VALUES ('2021-05-01 03:21:14', 28, 'RUB', 27, 27);
INSERT INTO invoice (date, value, currency, sender, recipient) VALUES ('2021-06-03 11:17:19', 65, 'RUB', 10, 23);
INSERT INTO invoice (date, value, currency, sender, recipient) VALUES ('2021-05-08 09:58:12', 55, 'ALL', 19, 30);
INSERT INTO invoice (date, value, currency, sender, recipient) VALUES ('2021-06-06 22:58:07', 12, 'EUR', 29, 6);
INSERT INTO invoice (date, value, currency, sender, recipient) VALUES ('2021-05-25 15:57:35', 76, 'EUR', 20, 23);
INSERT INTO invoice (date, value, currency, sender, recipient) VALUES ('2021-06-04 10:47:26', 92, 'PLN', 18, 15);
INSERT INTO invoice (date, value, currency, sender, recipient) VALUES ('2021-06-06 04:02:27', 61, 'AUD', 4, 21);
INSERT INTO invoice (date, value, currency, sender, recipient) VALUES ('2021-05-17 08:59:31', 62, 'SEK', 35, 27);
INSERT INTO invoice (date, value, currency, sender, recipient) VALUES ('2021-05-26 19:04:02', 19, 'USD', 34, 2);
INSERT INTO invoice (date, value, currency, sender, recipient) VALUES ('2021-04-25 06:45:46', 58, 'RUB', 23, 35);
INSERT INTO invoice (date, value, currency, sender, recipient) VALUES ('2021-05-22 20:48:22', 62, 'HKD', 2, 18);
INSERT INTO invoice (date, value, currency, sender, recipient) VALUES ('2021-04-29 13:34:06', 20, 'PLN', 6, 33);
INSERT INTO invoice (date, value, currency, sender, recipient) VALUES ('2021-05-29 20:06:12', 95, 'NOK', 2, 32);
INSERT INTO invoice (date, value, currency, sender, recipient) VALUES ('2021-05-14 03:26:50', 58, 'HKD', 31, 6);
INSERT INTO invoice (date, value, currency, sender, recipient) VALUES ('2021-05-03 14:04:35', 11, 'BGN', 31, 11);
INSERT INTO invoice (date, value, currency, sender, recipient) VALUES ('2021-05-21 12:58:58', 75, 'HKD', 10, 31);
INSERT INTO invoice (date, value, currency, sender, recipient) VALUES ('2021-04-24 19:59:12', 23, 'RUB', 21, 3);
INSERT INTO invoice (date, value, currency, sender, recipient) VALUES ('2021-05-22 16:52:26', 51, 'HKD', 17, 17);
INSERT INTO invoice (date, value, currency, sender, recipient) VALUES ('2021-05-22 09:48:56', 15, 'HKD', 9, 31);
INSERT INTO invoice (date, value, currency, sender, recipient) VALUES ('2021-04-12 15:10:31', 40, 'ALL', 11, 4);
INSERT INTO invoice (date, value, currency, sender, recipient) VALUES ('2021-06-04 12:28:14', 44, 'EUR', 31, 11);
INSERT INTO invoice (date, value, currency, sender, recipient) VALUES ('2021-05-29 22:02:21', 53, 'ALL', 31, 20);
INSERT INTO invoice (date, value, currency, sender, recipient) VALUES ('2021-05-13 09:33:24', 55, 'SEK', 29, 22);
INSERT INTO invoice (date, value, currency, sender, recipient) VALUES ('2021-05-14 07:54:09', 5, 'AUD', 11, 13);
INSERT INTO invoice (date, value, currency, sender, recipient) VALUES ('2021-05-05 12:03:28', 54, 'PLN', 1, 10);
INSERT INTO invoice (date, value, currency, sender, recipient) VALUES ('2021-05-12 03:21:36', 18, 'EUR', 15, 22);
INSERT INTO invoice (date, value, currency, sender, recipient) VALUES ('2021-05-21 07:19:04', 94, 'PLN', 5, 15);
INSERT INTO invoice (date, value, currency, sender, recipient) VALUES ('2021-06-07 16:25:33', 97, 'PLN', 29, 17);
INSERT INTO invoice (date, value, currency, sender, recipient) VALUES ('2021-06-05 13:50:17', 33, 'PLN', 5, 16);
INSERT INTO invoice (date, value, currency, sender, recipient) VALUES ('2021-04-22 16:01:58', 92, 'PLN', 31, 19);
INSERT INTO invoice (date, value, currency, sender, recipient) VALUES ('2021-05-06 23:12:03', 79, 'USD', 18, 20);
INSERT INTO invoice (date, value, currency, sender, recipient) VALUES ('2021-04-29 07:16:24', 92, 'PLN', 29, 26);
INSERT INTO invoice (date, value, currency, sender, recipient) VALUES ('2021-04-21 00:45:52', 3, 'GBP', 22, 16);
INSERT INTO invoice (date, value, currency, sender, recipient) VALUES ('2021-06-03 20:30:57', 66, 'RUB', 23, 20);
INSERT INTO invoice (date, value, currency, sender, recipient) VALUES ('2021-05-30 12:17:16', 62, 'GBP', 5, 21);
INSERT INTO invoice (date, value, currency, sender, recipient) VALUES ('2021-05-22 09:59:45', 28, 'GBP', 31, 28);
INSERT INTO invoice (date, value, currency, sender, recipient) VALUES ('2021-04-14 03:30:34', 0, 'PLN', 9, 13);
INSERT INTO invoice (date, value, currency, sender, recipient) VALUES ('2021-05-07 05:58:28', 50, 'NOK', 11, 28);
INSERT INTO invoice (date, value, currency, sender, recipient) VALUES ('2021-05-17 18:39:31', 44, 'BGN', 18, 18);
INSERT INTO invoice (date, value, currency, sender, recipient) VALUES ('2021-04-23 15:46:55', 60, 'EUR', 25, 28);
INSERT INTO invoice (date, value, currency, sender, recipient) VALUES ('2021-05-24 21:14:42', 58, 'ALL', 25, 22);
INSERT INTO invoice (date, value, currency, sender, recipient) VALUES ('2021-05-04 05:55:34', 52, 'SEK', 30, 31);
INSERT INTO invoice (date, value, currency, sender, recipient) VALUES ('2021-05-01 00:18:30', 89, 'NOK', 11, 18);
INSERT INTO invoice (date, value, currency, sender, recipient) VALUES ('2021-05-14 14:35:13', 90, 'GBP', 18, 24);
INSERT INTO invoice (date, value, currency, sender, recipient) VALUES ('2021-05-16 10:52:20', 44, 'PLN', 8, 10);
INSERT INTO invoice (date, value, currency, sender, recipient) VALUES ('2021-04-13 11:59:12', 69, 'HKD', 27, 1);
INSERT INTO invoice (date, value, currency, sender, recipient) VALUES ('2021-04-14 15:59:22', 31, 'GBP', 1, 8);
INSERT INTO invoice (date, value, currency, sender, recipient) VALUES ('2021-05-26 05:35:48', 46, 'AUD', 9, 20);
INSERT INTO invoice (date, value, currency, sender, recipient) VALUES ('2021-05-05 10:42:03', 7, 'BGN', 26, 2);
INSERT INTO invoice (date, value, currency, sender, recipient) VALUES ('2021-04-13 12:13:17', 19, 'HKD', 2, 18);
INSERT INTO invoice (date, value, currency, sender, recipient) VALUES ('2021-06-03 01:45:58', 51, 'AUD', 1, 33);
INSERT INTO invoice (date, value, currency, sender, recipient) VALUES ('2021-04-29 17:05:54', 99, 'GBP', 21, 19);
INSERT INTO invoice (date, value, currency, sender, recipient) VALUES ('2021-05-21 03:57:32', 77, 'USD', 5, 5);
INSERT INTO invoice (date, value, currency, sender, recipient) VALUES ('2021-05-22 04:23:51', 73, 'CHF', 6, 2);
INSERT INTO invoice (date, value, currency, sender, recipient) VALUES ('2021-06-01 02:41:38', 98, 'RUB', 11, 28);
INSERT INTO invoice (date, value, currency, sender, recipient) VALUES ('2021-04-23 02:57:56', 85, 'BHD', 23, 16);
INSERT INTO invoice (date, value, currency, sender, recipient) VALUES ('2021-04-19 11:33:26', 55, 'ALL', 19, 17);
INSERT INTO invoice (date, value, currency, sender, recipient) VALUES ('2021-05-16 06:44:00', 92, 'EUR', 7, 33);
INSERT INTO invoice (date, value, currency, sender, recipient) VALUES ('2021-05-01 05:10:23', 7, 'BHD', 3, 15);
INSERT INTO invoice (date, value, currency, sender, recipient) VALUES ('2021-06-03 00:33:49', 59, 'BGN', 20, 23);
INSERT INTO invoice (date, value, currency, sender, recipient) VALUES ('2021-06-07 16:20:31', 81, 'BGN', 3, 14);
INSERT INTO invoice (date, value, currency, sender, recipient) VALUES ('2021-04-15 12:54:58', 94, 'BHD', 29, 27);
INSERT INTO invoice (date, value, currency, sender, recipient) VALUES ('2021-06-04 03:39:55', 90, 'BHD', 6, 14);
INSERT INTO invoice (date, value, currency, sender, recipient) VALUES ('2021-05-29 07:09:23', 93, 'ALL', 6, 22);
INSERT INTO invoice (date, value, currency, sender, recipient) VALUES ('2021-05-03 21:51:15', 47, 'GBP', 26, 11);
INSERT INTO invoice (date, value, currency, sender, recipient) VALUES ('2021-05-15 14:41:29', 24, 'BGN', 13, 3);
INSERT INTO invoice (date, value, currency, sender, recipient) VALUES ('2021-04-27 14:14:49', 15, 'HKD', 13, 30);
INSERT INTO invoice (date, value, currency, sender, recipient) VALUES ('2021-05-09 16:04:08', 52, 'RUB', 20, 35);
INSERT INTO invoice (date, value, currency, sender, recipient) VALUES ('2021-06-02 23:06:27', 67, 'HKD', 7, 25);
INSERT INTO invoice (date, value, currency, sender, recipient) VALUES ('2021-06-08 13:55:39', 51, 'EUR', 16, 5);
INSERT INTO invoice (date, value, currency, sender, recipient) VALUES ('2021-05-05 10:05:02', 96, 'USD', 19, 32);
INSERT INTO invoice (date, value, currency, sender, recipient) VALUES ('2021-04-18 15:53:08', 96, 'ALL', 29, 12);
INSERT INTO invoice (date, value, currency, sender, recipient) VALUES ('2021-05-26 15:32:32', 51, 'NOK', 4, 29);
INSERT INTO invoice (date, value, currency, sender, recipient) VALUES ('2021-05-30 07:26:30', 57, 'EUR', 13, 4);
INSERT INTO invoice (date, value, currency, sender, recipient) VALUES ('2021-05-05 21:36:37', 40, 'SEK', 33, 29);
INSERT INTO invoice (date, value, currency, sender, recipient) VALUES ('2021-05-10 00:47:52', 60, 'NOK', 8, 27);
INSERT INTO invoice (date, value, currency, sender, recipient) VALUES ('2021-06-07 02:29:32', 100, 'NOK', 21, 27);
INSERT INTO invoice (date, value, currency, sender, recipient) VALUES ('2021-04-18 17:12:58', 37, 'SEK', 5, 20);
INSERT INTO invoice (date, value, currency, sender, recipient) VALUES ('2021-06-09 16:06:23', 96, 'BGN', 10, 1);
INSERT INTO invoice (date, value, currency, sender, recipient) VALUES ('2021-04-15 00:30:31', 46, 'GBP', 25, 26);
INSERT INTO invoice (date, value, currency, sender, recipient) VALUES ('2021-05-22 18:29:10', 71, 'SEK', 7, 20);
INSERT INTO invoice (date, value, currency, sender, recipient) VALUES ('2021-05-02 06:02:56', 6, 'NOK', 28, 28);
INSERT INTO invoice (date, value, currency, sender, recipient) VALUES ('2021-06-04 19:45:21', 83, 'NOK', 19, 31);
INSERT INTO invoice (date, value, currency, sender, recipient) VALUES ('2021-05-15 00:15:30', 77, 'CHF', 24, 25);
INSERT INTO invoice (date, value, currency, sender, recipient) VALUES ('2021-05-19 22:14:09', 16, 'HKD', 24, 18);
INSERT INTO invoice (date, value, currency, sender, recipient) VALUES ('2021-05-17 03:49:20', 74, 'PLN', 30, 5);
INSERT INTO invoice (date, value, currency, sender, recipient) VALUES ('2021-05-13 09:16:25', 5, 'BHD', 7, 2);
INSERT INTO invoice (date, value, currency, sender, recipient) VALUES ('2021-06-09 21:56:46', 60, 'GBP', 31, 14);
INSERT INTO invoice (date, value, currency, sender, recipient) VALUES ('2021-04-22 18:02:51', 83, 'HKD', 28, 6);
INSERT INTO invoice (date, value, currency, sender, recipient) VALUES ('2021-05-02 09:26:48', 3, 'RUB', 16, 25);
INSERT INTO invoice (date, value, currency, sender, recipient) VALUES ('2021-06-02 10:14:41', 21, 'CHF', 8, 10);
INSERT INTO invoice (date, value, currency, sender, recipient) VALUES ('2021-05-28 00:49:11', 46, 'RUB', 2, 19);
INSERT INTO invoice (date, value, currency, sender, recipient) VALUES ('2021-04-20 04:37:27', 92, 'BGN', 15, 22);
INSERT INTO invoice (date, value, currency, sender, recipient) VALUES ('2021-05-08 21:34:27', 82, 'GBP', 21, 26);
INSERT INTO invoice (date, value, currency, sender, recipient) VALUES ('2021-04-19 13:13:36', 9, 'CHF', 29, 8);
INSERT INTO invoice (date, value, currency, sender, recipient) VALUES ('2021-05-03 12:35:18', 99, 'ALL', 12, 12);
INSERT INTO invoice (date, value, currency, sender, recipient) VALUES ('2021-05-25 06:09:31', 64, 'HKD', 29, 13);
INSERT INTO invoice (date, value, currency, sender, recipient) VALUES ('2021-05-31 23:51:24', 2, 'NOK', 7, 22);
INSERT INTO invoice (date, value, currency, sender, recipient) VALUES ('2021-05-19 05:34:55', 45, 'AUD', 27, 16);
INSERT INTO invoice (date, value, currency, sender, recipient) VALUES ('2021-06-10 17:00:31', 43, 'ALL', 4, 27);
INSERT INTO invoice (date, value, currency, sender, recipient) VALUES ('2021-05-14 15:34:06', 17, 'NOK', 32, 24);
INSERT INTO invoice (date, value, currency, sender, recipient) VALUES ('2021-04-19 09:28:15', 7, 'PLN', 34, 4);
INSERT INTO invoice (date, value, currency, sender, recipient) VALUES ('2021-05-01 17:03:07', 53, 'NOK', 2, 16);
INSERT INTO invoice (date, value, currency, sender, recipient) VALUES ('2021-05-12 13:15:48', 95, 'RUB', 17, 17);
INSERT INTO invoice (date, value, currency, sender, recipient) VALUES ('2021-04-26 09:02:10', 57, 'BGN', 6, 20);
INSERT INTO invoice (date, value, currency, sender, recipient) VALUES ('2021-05-14 15:30:44', 37, 'AUD', 28, 18);
INSERT INTO invoice (date, value, currency, sender, recipient) VALUES ('2021-05-06 05:32:13', 75, 'HKD', 17, 8);
INSERT INTO invoice (date, value, currency, sender, recipient) VALUES ('2021-04-13 13:21:52', 9, 'USD', 7, 34);
INSERT INTO invoice (date, value, currency, sender, recipient) VALUES ('2021-05-06 21:19:09', 18, 'AUD', 18, 16);
INSERT INTO invoice (date, value, currency, sender, recipient) VALUES ('2021-04-23 20:37:47', 87, 'BHD', 4, 30);
INSERT INTO invoice (date, value, currency, sender, recipient) VALUES ('2021-06-06 17:48:17', 83, 'AUD', 4, 13);
INSERT INTO invoice (date, value, currency, sender, recipient) VALUES ('2021-05-12 13:25:47', 28, 'HKD', 10, 20);
INSERT INTO invoice (date, value, currency, sender, recipient) VALUES ('2021-06-05 18:23:26', 0, 'CHF', 10, 17);
INSERT INTO invoice (date, value, currency, sender, recipient) VALUES ('2021-05-19 11:46:04', 80, 'BHD', 15, 11);
INSERT INTO invoice (date, value, currency, sender, recipient) VALUES ('2021-05-12 18:51:39', 64, 'USD', 4, 18);
INSERT INTO invoice (date, value, currency, sender, recipient) VALUES ('2021-05-30 07:42:20', 85, 'NOK', 26, 33);
INSERT INTO invoice (date, value, currency, sender, recipient) VALUES ('2021-04-19 06:50:56', 18, 'PLN', 22, 18);
INSERT INTO invoice (date, value, currency, sender, recipient) VALUES ('2021-05-15 20:32:50', 28, 'ALL', 3, 24);
INSERT INTO invoice (date, value, currency, sender, recipient) VALUES ('2021-04-14 19:58:15', 65, 'HKD', 7, 8);
INSERT INTO invoice (date, value, currency, sender, recipient) VALUES ('2021-04-22 06:55:36', 80, 'AUD', 34, 6);
INSERT INTO invoice (date, value, currency, sender, recipient) VALUES ('2021-04-18 08:51:49', 77, 'EUR', 26, 15);
INSERT INTO invoice (date, value, currency, sender, recipient) VALUES ('2021-05-01 07:54:21', 24, 'CHF', 29, 4);
INSERT INTO invoice (date, value, currency, sender, recipient) VALUES ('2021-05-02 03:27:57', 82, 'AUD', 29, 17);
INSERT INTO invoice (date, value, currency, sender, recipient) VALUES ('2021-05-20 04:58:12', 99, 'SEK', 33, 31);
INSERT INTO invoice (date, value, currency, sender, recipient) VALUES ('2021-05-25 15:17:17', 73, 'RUB', 25, 15);
INSERT INTO invoice (date, value, currency, sender, recipient) VALUES ('2021-05-07 19:58:03', 66, 'NOK', 29, 26);
INSERT INTO invoice (date, value, currency, sender, recipient) VALUES ('2021-05-28 12:56:16', 45, 'EUR', 12, 6);
INSERT INTO invoice (date, value, currency, sender, recipient) VALUES ('2021-05-13 21:39:14', 25, 'SEK', 13, 1);
INSERT INTO invoice (date, value, currency, sender, recipient) VALUES ('2021-05-22 08:15:01', 14, 'PLN', 18, 18);
INSERT INTO invoice (date, value, currency, sender, recipient) VALUES ('2021-05-07 17:57:38', 58, 'BHD', 27, 18);
INSERT INTO invoice (date, value, currency, sender, recipient) VALUES ('2021-05-15 08:36:37', 17, 'BGN', 6, 32);
INSERT INTO invoice (date, value, currency, sender, recipient) VALUES ('2021-06-11 04:01:25', 93, 'BGN', 24, 27);
INSERT INTO invoice (date, value, currency, sender, recipient) VALUES ('2021-04-19 08:21:15', 30, 'HKD', 22, 21);
INSERT INTO invoice (date, value, currency, sender, recipient) VALUES ('2021-05-22 13:48:56', 35, 'GBP', 10, 13);
INSERT INTO invoice (date, value, currency, sender, recipient) VALUES ('2021-05-08 19:12:24', 35, 'ALL', 21, 28);
INSERT INTO invoice (date, value, currency, sender, recipient) VALUES ('2021-04-30 19:46:44', 51, 'NOK', 24, 34);
INSERT INTO invoice (date, value, currency, sender, recipient) VALUES ('2021-05-31 05:28:36', 20, 'RUB', 14, 1);
INSERT INTO invoice (date, value, currency, sender, recipient) VALUES ('2021-05-11 16:29:34', 1, 'SEK', 20, 3);
INSERT INTO invoice (date, value, currency, sender, recipient) VALUES ('2021-04-26 05:47:39', 93, 'SEK', 19, 20);
INSERT INTO invoice (date, value, currency, sender, recipient) VALUES ('2021-06-07 23:36:54', 44, 'ALL', 29, 11);
INSERT INTO invoice (date, value, currency, sender, recipient) VALUES ('2021-06-08 08:50:10', 56, 'USD', 33, 30);
INSERT INTO invoice (date, value, currency, sender, recipient) VALUES ('2021-05-26 23:50:17', 99, 'USD', 9, 1);
INSERT INTO invoice (date, value, currency, sender, recipient) VALUES ('2021-04-29 16:08:46', 67, 'NOK', 29, 7);
INSERT INTO invoice (date, value, currency, sender, recipient) VALUES ('2021-05-18 11:54:37', 22, 'NOK', 1, 27);
INSERT INTO invoice (date, value, currency, sender, recipient) VALUES ('2021-04-18 13:38:12', 27, 'NOK', 33, 9);
INSERT INTO invoice (date, value, currency, sender, recipient) VALUES ('2021-05-27 19:39:59', 61, 'USD', 34, 7);
INSERT INTO invoice (date, value, currency, sender, recipient) VALUES ('2021-04-23 21:18:21', 69, 'CHF', 23, 10);
INSERT INTO invoice (date, value, currency, sender, recipient) VALUES ('2021-05-05 03:15:56', 17, 'AUD', 8, 5);
INSERT INTO invoice (date, value, currency, sender, recipient) VALUES ('2021-05-22 04:48:25', 57, 'CHF', 25, 29);
INSERT INTO invoice (date, value, currency, sender, recipient) VALUES ('2021-06-02 02:27:09', 87, 'BHD', 23, 15);
INSERT INTO invoice (date, value, currency, sender, recipient) VALUES ('2021-06-05 10:13:53', 66, 'HKD', 3, 23);
INSERT INTO invoice (date, value, currency, sender, recipient) VALUES ('2021-05-25 12:33:13', 50, 'SEK', 26, 2);
INSERT INTO invoice (date, value, currency, sender, recipient) VALUES ('2021-05-15 21:18:33', 47, 'ALL', 3, 22);
INSERT INTO invoice (date, value, currency, sender, recipient) VALUES ('2021-05-26 18:43:27', 73, 'PLN', 3, 26);
INSERT INTO invoice (date, value, currency, sender, recipient) VALUES ('2021-04-13 18:11:43', 74, 'CHF', 27, 21);
INSERT INTO invoice (date, value, currency, sender, recipient) VALUES ('2021-05-07 12:35:55', 42, 'CHF', 28, 30);
INSERT INTO invoice (date, value, currency, sender, recipient) VALUES ('2021-05-02 11:44:21', 48, 'SEK', 18, 16);
INSERT INTO invoice (date, value, currency, sender, recipient) VALUES ('2021-05-01 12:55:44', 93, 'RUB', 27, 9);
INSERT INTO invoice (date, value, currency, sender, recipient) VALUES ('2021-04-13 14:03:08', 13, 'AUD', 35, 32);
INSERT INTO invoice (date, value, currency, sender, recipient) VALUES ('2021-05-19 21:00:47', 63, 'EUR', 16, 18);
INSERT INTO invoice (date, value, currency, sender, recipient) VALUES ('2021-05-02 15:02:36', 27, 'AUD', 31, 17);
INSERT INTO invoice (date, value, currency, sender, recipient) VALUES ('2021-04-15 02:37:30', 55, 'NOK', 26, 10);
INSERT INTO invoice (date, value, currency, sender, recipient) VALUES ('2021-05-16 02:55:19', 71, 'AUD', 2, 8);
INSERT INTO invoice (date, value, currency, sender, recipient) VALUES ('2021-06-06 05:39:06', 21, 'SEK', 5, 33);
INSERT INTO invoice (date, value, currency, sender, recipient) VALUES ('2021-05-02 16:09:07', 77, 'BGN', 27, 19);
INSERT INTO invoice (date, value, currency, sender, recipient) VALUES ('2021-05-21 08:20:52', 46, 'CHF', 16, 25);
INSERT INTO invoice (date, value, currency, sender, recipient) VALUES ('2021-06-09 18:33:51', 50, 'EUR', 14, 20);
INSERT INTO invoice (date, value, currency, sender, recipient) VALUES ('2021-05-15 11:06:41', 19, 'GBP', 26, 13);
INSERT INTO invoice (date, value, currency, sender, recipient) VALUES ('2021-04-19 18:25:40', 73, 'ALL', 17, 33);
INSERT INTO invoice (date, value, currency, sender, recipient) VALUES ('2021-05-27 19:08:18', 54, 'BHD', 32, 25);
INSERT INTO invoice (date, value, currency, sender, recipient) VALUES ('2021-05-19 16:08:53', 4, 'ALL', 11, 26);
INSERT INTO invoice (date, value, currency, sender, recipient) VALUES ('2021-05-03 00:44:53', 28, 'GBP', 14, 31);
INSERT INTO invoice (date, value, currency, sender, recipient) VALUES ('2021-05-24 22:05:22', 50, 'GBP', 25, 11);
INSERT INTO invoice (date, value, currency, sender, recipient) VALUES ('2021-04-29 19:55:18', 78, 'USD', 2, 27);
INSERT INTO invoice (date, value, currency, sender, recipient) VALUES ('2021-05-11 10:34:55', 78, 'BHD', 35, 4);
INSERT INTO invoice (date, value, currency, sender, recipient) VALUES ('2021-04-15 15:39:17', 41, 'EUR', 3, 5);
INSERT INTO invoice (date, value, currency, sender, recipient) VALUES ('2021-04-20 02:12:20', 55, 'AUD', 16, 17);
INSERT INTO invoice (date, value, currency, sender, recipient) VALUES ('2021-04-26 16:10:41', 11, 'AUD', 16, 3);
INSERT INTO invoice (date, value, currency, sender, recipient) VALUES ('2021-05-17 06:07:52', 89, 'GBP', 9, 32);
INSERT INTO invoice (date, value, currency, sender, recipient) VALUES ('2021-04-12 16:21:55', 69, 'EUR', 28, 2);
INSERT INTO invoice (date, value, currency, sender, recipient) VALUES ('2021-06-03 12:00:45', 42, 'RUB', 33, 11);
INSERT INTO invoice (date, value, currency, sender, recipient) VALUES ('2021-05-20 09:24:12', 63, 'ALL', 19, 9);
INSERT INTO invoice (date, value, currency, sender, recipient) VALUES ('2021-05-05 23:04:16', 14, 'PLN', 33, 4);
INSERT INTO invoice (date, value, currency, sender, recipient) VALUES ('2021-05-21 19:26:18', 90, 'USD', 2, 20);
INSERT INTO invoice (date, value, currency, sender, recipient) VALUES ('2021-06-03 15:02:04', 83, 'SEK', 33, 6);
INSERT INTO invoice (date, value, currency, sender, recipient) VALUES ('2021-06-05 11:29:59', 89, 'AUD', 8, 34);
INSERT INTO invoice (date, value, currency, sender, recipient) VALUES ('2021-05-15 05:52:03', 17, 'CHF', 34, 25);
INSERT INTO invoice (date, value, currency, sender, recipient) VALUES ('2021-05-30 17:13:10', 82, 'USD', 26, 11);
INSERT INTO invoice (date, value, currency, sender, recipient) VALUES ('2021-05-06 10:56:33', 15, 'RUB', 21, 28);
INSERT INTO invoice (date, value, currency, sender, recipient) VALUES ('2021-06-08 03:29:37', 35, 'HKD', 19, 13);
INSERT INTO invoice (date, value, currency, sender, recipient) VALUES ('2021-06-03 04:50:16', 89, 'SEK', 5, 32);
INSERT INTO invoice (date, value, currency, sender, recipient) VALUES ('2021-06-09 14:12:15', 78, 'SEK', 18, 21);
INSERT INTO invoice (date, value, currency, sender, recipient) VALUES ('2021-05-08 13:16:11', 35, 'ALL', 1, 25);
INSERT INTO invoice (date, value, currency, sender, recipient) VALUES ('2021-06-01 17:29:32', 92, 'ALL', 22, 34);
INSERT INTO invoice (date, value, currency, sender, recipient) VALUES ('2021-06-03 17:56:47', 56, 'EUR', 1, 11);
INSERT INTO invoice (date, value, currency, sender, recipient) VALUES ('2021-04-27 01:14:38', 82, 'USD', 20, 6);
INSERT INTO invoice (date, value, currency, sender, recipient) VALUES ('2021-04-18 05:59:18', 28, 'BGN', 12, 35);
INSERT INTO invoice (date, value, currency, sender, recipient) VALUES ('2021-06-07 08:17:27', 29, 'EUR', 12, 11);
INSERT INTO invoice (date, value, currency, sender, recipient) VALUES ('2021-05-17 05:02:18', 76, 'BHD', 27, 7);
INSERT INTO invoice (date, value, currency, sender, recipient) VALUES ('2021-05-29 19:01:15', 49, 'EUR', 20, 20);
INSERT INTO invoice (date, value, currency, sender, recipient) VALUES ('2021-06-10 01:41:44', 16, 'AUD', 4, 32);
INSERT INTO invoice (date, value, currency, sender, recipient) VALUES ('2021-05-17 20:06:00', 13, 'GBP', 34, 28);
INSERT INTO invoice (date, value, currency, sender, recipient) VALUES ('2021-05-22 22:29:08', 8, 'SEK', 20, 11);
INSERT INTO invoice (date, value, currency, sender, recipient) VALUES ('2021-04-28 21:42:07', 3, 'BGN', 16, 21);
INSERT INTO invoice (date, value, currency, sender, recipient) VALUES ('2021-05-03 17:26:41', 85, 'PLN', 15, 4);
INSERT INTO invoice (date, value, currency, sender, recipient) VALUES ('2021-04-19 13:24:26', 44, 'USD', 7, 35);
INSERT INTO invoice (date, value, currency, sender, recipient) VALUES ('2021-04-25 02:09:39', 89, 'ALL', 35, 22);
INSERT INTO invoice (date, value, currency, sender, recipient) VALUES ('2021-05-12 19:35:35', 2, 'NOK', 10, 34);
INSERT INTO invoice (date, value, currency, sender, recipient) VALUES ('2021-05-29 19:12:01', 72, 'USD', 25, 28);
INSERT INTO invoice (date, value, currency, sender, recipient) VALUES ('2021-05-01 15:37:28', 66, 'USD', 6, 15);
INSERT INTO invoice (date, value, currency, sender, recipient) VALUES ('2021-06-10 18:51:41', 100, 'HKD', 1, 28);
INSERT INTO invoice (date, value, currency, sender, recipient) VALUES ('2021-04-18 21:43:15', 14, 'ALL', 22, 12);
INSERT INTO invoice (date, value, currency, sender, recipient) VALUES ('2021-04-17 23:56:24', 54, 'AUD', 32, 27);
INSERT INTO invoice (date, value, currency, sender, recipient) VALUES ('2021-05-19 08:22:02', 54, 'PLN', 17, 33);
INSERT INTO invoice (date, value, currency, sender, recipient) VALUES ('2021-04-20 17:52:25', 97, 'NOK', 27, 29);
INSERT INTO invoice (date, value, currency, sender, recipient) VALUES ('2021-05-02 10:13:18', 28, 'BGN', 9, 21);
INSERT INTO invoice (date, value, currency, sender, recipient) VALUES ('2021-04-24 21:27:49', 91, 'GBP', 4, 20);
INSERT INTO invoice (date, value, currency, sender, recipient) VALUES ('2021-05-10 14:05:13', 69, 'HKD', 5, 22);
INSERT INTO invoice (date, value, currency, sender, recipient) VALUES ('2021-04-30 20:24:59', 51, 'EUR', 23, 12);
INSERT INTO invoice (date, value, currency, sender, recipient) VALUES ('2021-05-29 20:52:31', 39, 'HKD', 24, 19);
INSERT INTO invoice (date, value, currency, sender, recipient) VALUES ('2021-05-23 11:36:20', 22, 'AUD', 19, 3);
INSERT INTO invoice (date, value, currency, sender, recipient) VALUES ('2021-04-18 15:22:49', 96, 'GBP', 18, 18);
INSERT INTO invoice (date, value, currency, sender, recipient) VALUES ('2021-04-27 23:18:00', 20, 'PLN', 9, 20);
INSERT INTO invoice (date, value, currency, sender, recipient) VALUES ('2021-04-27 01:58:53', 12, 'AUD', 27, 26);
INSERT INTO invoice (date, value, currency, sender, recipient) VALUES ('2021-04-22 03:35:45', 55, 'PLN', 33, 26);
INSERT INTO invoice (date, value, currency, sender, recipient) VALUES ('2021-05-10 09:43:54', 58, 'BHD', 12, 26);
INSERT INTO invoice (date, value, currency, sender, recipient) VALUES ('2021-04-12 11:30:45', 26, 'ALL', 28, 29);
INSERT INTO invoice (date, value, currency, sender, recipient) VALUES ('2021-04-28 22:55:22', 69, 'SEK', 30, 12);
INSERT INTO invoice (date, value, currency, sender, recipient) VALUES ('2021-05-09 11:46:28', 77, 'NOK', 14, 3);
INSERT INTO invoice (date, value, currency, sender, recipient) VALUES ('2021-04-24 08:15:55', 33, 'HKD', 19, 12);
INSERT INTO invoice (date, value, currency, sender, recipient) VALUES ('2021-05-29 02:50:37', 22, 'USD', 5, 2);
INSERT INTO invoice (date, value, currency, sender, recipient) VALUES ('2021-06-05 10:07:21', 84, 'AUD', 18, 31);
INSERT INTO invoice (date, value, currency, sender, recipient) VALUES ('2021-04-24 09:39:24', 12, 'RUB', 20, 25);
INSERT INTO invoice (date, value, currency, sender, recipient) VALUES ('2021-05-02 19:54:30', 27, 'AUD', 5, 31);
INSERT INTO invoice (date, value, currency, sender, recipient) VALUES ('2021-04-29 23:09:52', 90, 'NOK', 10, 13);
INSERT INTO invoice (date, value, currency, sender, recipient) VALUES ('2021-06-09 13:36:11', 98, 'AUD', 18, 1);
INSERT INTO invoice (date, value, currency, sender, recipient) VALUES ('2021-05-28 10:30:00', 2, 'BHD', 19, 20);
INSERT INTO invoice (date, value, currency, sender, recipient) VALUES ('2021-04-19 03:26:06', 93, 'BHD', 24, 24);
INSERT INTO invoice (date, value, currency, sender, recipient) VALUES ('2021-06-07 03:24:36', 14, 'AUD', 35, 3);
INSERT INTO invoice (date, value, currency, sender, recipient) VALUES ('2021-04-18 18:12:48', 68, 'EUR', 27, 17);
INSERT INTO invoice (date, value, currency, sender, recipient) VALUES ('2021-04-18 19:37:11', 52, 'GBP', 24, 18);
INSERT INTO invoice (date, value, currency, sender, recipient) VALUES ('2021-05-09 03:05:02', 94, 'ALL', 14, 15);
INSERT INTO invoice (date, value, currency, sender, recipient) VALUES ('2021-05-05 03:22:22', 86, 'BGN', 30, 28);
INSERT INTO invoice (date, value, currency, sender, recipient) VALUES ('2021-05-25 00:14:23', 77, 'RUB', 27, 17);
INSERT INTO invoice (date, value, currency, sender, recipient) VALUES ('2021-05-30 15:34:24', 17, 'RUB', 28, 2);
INSERT INTO invoice (date, value, currency, sender, recipient) VALUES ('2021-05-02 15:52:54', 45, 'BGN', 11, 26);
INSERT INTO invoice (date, value, currency, sender, recipient) VALUES ('2021-05-19 10:06:46', 69, 'NOK', 24, 5);
INSERT INTO invoice (date, value, currency, sender, recipient) VALUES ('2021-04-27 20:12:02', 28, 'CHF', 26, 33);
INSERT INTO invoice (date, value, currency, sender, recipient) VALUES ('2021-05-26 14:10:10', 69, 'NOK', 17, 5);
INSERT INTO invoice (date, value, currency, sender, recipient) VALUES ('2021-05-23 18:46:52', 34, 'CHF', 11, 6);
INSERT INTO invoice (date, value, currency, sender, recipient) VALUES ('2021-06-04 05:27:11', 6, 'CHF', 21, 26);
INSERT INTO invoice (date, value, currency, sender, recipient) VALUES ('2021-05-11 06:55:17', 65, 'EUR', 23, 35);
INSERT INTO invoice (date, value, currency, sender, recipient) VALUES ('2021-05-24 12:33:13', 45, 'ALL', 6, 3);
INSERT INTO invoice (date, value, currency, sender, recipient) VALUES ('2021-05-19 03:10:11', 41, 'BHD', 19, 33);
INSERT INTO invoice (date, value, currency, sender, recipient) VALUES ('2021-04-28 13:48:14', 26, 'HKD', 8, 21);
INSERT INTO invoice (date, value, currency, sender, recipient) VALUES ('2021-05-11 13:32:02', 33, 'SEK', 31, 27);
INSERT INTO invoice (date, value, currency, sender, recipient) VALUES ('2021-04-27 04:08:24', 44, 'NOK', 6, 17);
INSERT INTO invoice (date, value, currency, sender, recipient) VALUES ('2021-05-07 10:51:54', 37, 'RUB', 25, 4);
INSERT INTO invoice (date, value, currency, sender, recipient) VALUES ('2021-04-13 16:11:08', 27, 'HKD', 13, 17);
INSERT INTO invoice (date, value, currency, sender, recipient) VALUES ('2021-04-21 15:02:31', 86, 'AUD', 31, 33);
INSERT INTO invoice (date, value, currency, sender, recipient) VALUES ('2021-05-28 04:10:58', 42, 'BGN', 33, 29);
INSERT INTO invoice (date, value, currency, sender, recipient) VALUES ('2021-05-11 14:55:20', 69, 'GBP', 25, 21);
INSERT INTO invoice (date, value, currency, sender, recipient) VALUES ('2021-05-31 13:09:21', 38, 'EUR', 6, 30);
INSERT INTO invoice (date, value, currency, sender, recipient) VALUES ('2021-05-29 21:12:08', 88, 'RUB', 13, 18);
INSERT INTO invoice (date, value, currency, sender, recipient) VALUES ('2021-05-19 03:35:43', 25, 'GBP', 11, 32);
INSERT INTO invoice (date, value, currency, sender, recipient) VALUES ('2021-04-22 09:56:38', 45, 'HKD', 17, 29);
INSERT INTO invoice (date, value, currency, sender, recipient) VALUES ('2021-04-12 22:08:46', 28, 'BHD', 19, 13);
INSERT INTO invoice (date, value, currency, sender, recipient) VALUES ('2021-06-03 20:26:29', 80, 'EUR', 12, 32);
INSERT INTO invoice (date, value, currency, sender, recipient) VALUES ('2021-06-08 01:17:16', 37, 'CHF', 1, 4);
INSERT INTO invoice (date, value, currency, sender, recipient) VALUES ('2021-05-25 02:22:01', 30, 'HKD', 22, 27);
INSERT INTO invoice (date, value, currency, sender, recipient) VALUES ('2021-05-30 15:23:49', 23, 'PLN', 3, 5);
INSERT INTO invoice (date, value, currency, sender, recipient) VALUES ('2021-05-13 17:24:48', 86, 'BHD', 29, 18);
INSERT INTO invoice (date, value, currency, sender, recipient) VALUES ('2021-04-14 04:51:15', 18, 'GBP', 9, 4);
INSERT INTO invoice (date, value, currency, sender, recipient) VALUES ('2021-06-06 10:00:50', 97, 'AUD', 14, 5);
INSERT INTO invoice (date, value, currency, sender, recipient) VALUES ('2021-04-17 13:00:52', 23, 'EUR', 23, 22);
INSERT INTO invoice (date, value, currency, sender, recipient) VALUES ('2021-04-26 17:09:25', 47, 'CHF', 11, 33);
INSERT INTO invoice (date, value, currency, sender, recipient) VALUES ('2021-05-08 13:13:45', 18, 'ALL', 14, 21);
INSERT INTO invoice (date, value, currency, sender, recipient) VALUES ('2021-05-15 21:55:21', 63, 'CHF', 32, 22);
INSERT INTO invoice (date, value, currency, sender, recipient) VALUES ('2021-04-17 23:36:40', 84, 'CHF', 7, 9);
INSERT INTO invoice (date, value, currency, sender, recipient) VALUES ('2021-04-26 02:03:54', 80, 'EUR', 25, 3);
INSERT INTO invoice (date, value, currency, sender, recipient) VALUES ('2021-05-17 11:38:44', 77, 'NOK', 20, 12);
INSERT INTO invoice (date, value, currency, sender, recipient) VALUES ('2021-04-30 19:40:53', 37, 'GBP', 29, 8);
INSERT INTO invoice (date, value, currency, sender, recipient) VALUES ('2021-05-04 07:35:07', 6, 'HKD', 16, 27);
INSERT INTO invoice (date, value, currency, sender, recipient) VALUES ('2021-05-11 00:10:17', 6, 'HKD', 32, 20);
INSERT INTO invoice (date, value, currency, sender, recipient) VALUES ('2021-05-27 14:03:45', 58, 'SEK', 12, 16);
INSERT INTO invoice (date, value, currency, sender, recipient) VALUES ('2021-05-06 18:55:50', 45, 'BHD', 32, 19);
INSERT INTO invoice (date, value, currency, sender, recipient) VALUES ('2021-05-31 07:25:18', 65, 'BGN', 16, 16);
INSERT INTO invoice (date, value, currency, sender, recipient) VALUES ('2021-04-24 11:44:04', 7, 'SEK', 30, 17);
INSERT INTO invoice (date, value, currency, sender, recipient) VALUES ('2021-05-09 01:23:23', 81, 'NOK', 22, 34);
INSERT INTO invoice (date, value, currency, sender, recipient) VALUES ('2021-04-28 02:00:40', 83, 'BHD', 23, 16);
INSERT INTO invoice (date, value, currency, sender, recipient) VALUES ('2021-05-26 23:54:30', 87, 'HKD', 32, 15);
INSERT INTO invoice (date, value, currency, sender, recipient) VALUES ('2021-05-31 05:02:03', 3, 'SEK', 27, 21);
INSERT INTO invoice (date, value, currency, sender, recipient) VALUES ('2021-05-24 19:34:27', 37, 'NOK', 5, 21);
INSERT INTO invoice (date, value, currency, sender, recipient) VALUES ('2021-05-16 02:19:08', 13, 'USD', 16, 13);
INSERT INTO invoice (date, value, currency, sender, recipient) VALUES ('2021-06-03 17:25:01', 61, 'BHD', 1, 23);
INSERT INTO invoice (date, value, currency, sender, recipient) VALUES ('2021-04-23 19:11:05', 79, 'HKD', 19, 6);
INSERT INTO invoice (date, value, currency, sender, recipient) VALUES ('2021-06-07 01:11:08', 15, 'CHF', 28, 3);
INSERT INTO invoice (date, value, currency, sender, recipient) VALUES ('2021-05-06 16:21:28', 18, 'AUD', 33, 30);
INSERT INTO invoice (date, value, currency, sender, recipient) VALUES ('2021-04-26 14:58:08', 65, 'RUB', 35, 34);
INSERT INTO invoice (date, value, currency, sender, recipient) VALUES ('2021-05-01 01:05:18', 22, 'BGN', 4, 22);
INSERT INTO invoice (date, value, currency, sender, recipient) VALUES ('2021-06-06 20:18:07', 87, 'CHF', 5, 23);
INSERT INTO invoice (date, value, currency, sender, recipient) VALUES ('2021-05-27 18:20:36', 98, 'ALL', 19, 19);
INSERT INTO invoice (date, value, currency, sender, recipient) VALUES ('2021-05-29 20:29:39', 15, 'CHF', 30, 15);
INSERT INTO invoice (date, value, currency, sender, recipient) VALUES ('2021-05-25 07:17:34', 46, 'PLN', 20, 10);
INSERT INTO invoice (date, value, currency, sender, recipient) VALUES ('2021-05-24 11:55:11', 54, 'GBP', 27, 20);
INSERT INTO invoice (date, value, currency, sender, recipient) VALUES ('2021-05-10 01:55:29', 82, 'GBP', 33, 13);
INSERT INTO invoice (date, value, currency, sender, recipient) VALUES ('2021-05-24 01:17:11', 91, 'EUR', 24, 35);
INSERT INTO invoice (date, value, currency, sender, recipient) VALUES ('2021-05-04 16:42:26', 14, 'EUR', 30, 18);
INSERT INTO invoice (date, value, currency, sender, recipient) VALUES ('2021-05-09 07:04:11', 91, 'RUB', 33, 17);
INSERT INTO invoice (date, value, currency, sender, recipient) VALUES ('2021-04-18 21:22:01', 98, 'SEK', 24, 34);
INSERT INTO invoice (date, value, currency, sender, recipient) VALUES ('2021-05-09 14:42:55', 40, 'EUR', 24, 5);
INSERT INTO invoice (date, value, currency, sender, recipient) VALUES ('2021-05-13 12:26:53', 60, 'AUD', 23, 16);
INSERT INTO invoice (date, value, currency, sender, recipient) VALUES ('2021-04-13 18:24:09', 53, 'HKD', 2, 17);
INSERT INTO invoice (date, value, currency, sender, recipient) VALUES ('2021-05-03 03:47:05', 83, 'CHF', 18, 11);
INSERT INTO invoice (date, value, currency, sender, recipient) VALUES ('2021-04-19 01:18:40', 19, 'RUB', 4, 7);
INSERT INTO invoice (date, value, currency, sender, recipient) VALUES ('2021-05-01 18:48:30', 37, 'EUR', 26, 16);
INSERT INTO invoice (date, value, currency, sender, recipient) VALUES ('2021-05-25 10:14:46', 28, 'GBP', 31, 14);
INSERT INTO invoice (date, value, currency, sender, recipient) VALUES ('2021-05-31 10:32:05', 41, 'CHF', 4, 28);
INSERT INTO invoice (date, value, currency, sender, recipient) VALUES ('2021-05-07 08:37:34', 57, 'EUR', 15, 8);
INSERT INTO invoice (date, value, currency, sender, recipient) VALUES ('2021-05-27 12:03:11', 78, 'SEK', 22, 34);
INSERT INTO invoice (date, value, currency, sender, recipient) VALUES ('2021-04-23 13:59:51', 52, 'NOK', 7, 16);
INSERT INTO invoice (date, value, currency, sender, recipient) VALUES ('2021-05-12 19:27:22', 94, 'USD', 6, 22);
INSERT INTO invoice (date, value, currency, sender, recipient) VALUES ('2021-04-13 18:16:39', 50, 'NOK', 8, 21);
INSERT INTO invoice (date, value, currency, sender, recipient) VALUES ('2021-06-07 17:25:21', 35, 'PLN', 8, 15);
INSERT INTO invoice (date, value, currency, sender, recipient) VALUES ('2021-05-06 05:40:00', 68, 'PLN', 35, 15);
INSERT INTO invoice (date, value, currency, sender, recipient) VALUES ('2021-06-05 10:33:11', 36, 'GBP', 20, 35);
INSERT INTO invoice (date, value, currency, sender, recipient) VALUES ('2021-05-06 13:04:15', 56, 'HKD', 14, 21);
INSERT INTO invoice (date, value, currency, sender, recipient) VALUES ('2021-05-23 08:47:27', 12, 'GBP', 30, 22);
INSERT INTO invoice (date, value, currency, sender, recipient) VALUES ('2021-05-03 23:57:28', 27, 'AUD', 7, 29);
INSERT INTO invoice (date, value, currency, sender, recipient) VALUES ('2021-05-30 14:22:50', 28, 'EUR', 35, 35);
INSERT INTO invoice (date, value, currency, sender, recipient) VALUES ('2021-05-21 09:28:12', 71, 'NOK', 13, 2);
INSERT INTO invoice (date, value, currency, sender, recipient) VALUES ('2021-06-09 12:36:29', 70, 'BGN', 3, 10);
INSERT INTO invoice (date, value, currency, sender, recipient) VALUES ('2021-04-21 12:03:26', 88, 'CHF', 23, 10);
INSERT INTO invoice (date, value, currency, sender, recipient) VALUES ('2021-04-13 04:52:21', 68, 'SEK', 16, 35);
INSERT INTO invoice (date, value, currency, sender, recipient) VALUES ('2021-04-16 23:12:40', 54, 'AUD', 1, 17);
INSERT INTO invoice (date, value, currency, sender, recipient) VALUES ('2021-05-18 06:31:22', 14, 'AUD', 9, 24);
INSERT INTO invoice (date, value, currency, sender, recipient) VALUES ('2021-06-01 15:17:12', 27, 'NOK', 5, 6);
INSERT INTO invoice (date, value, currency, sender, recipient) VALUES ('2021-05-15 19:47:14', 69, 'BGN', 16, 8);
INSERT INTO invoice (date, value, currency, sender, recipient) VALUES ('2021-06-10 21:20:25', 68, 'RUB', 29, 7);
INSERT INTO invoice (date, value, currency, sender, recipient) VALUES ('2021-06-11 02:23:00', 87, 'EUR', 10, 26);
INSERT INTO invoice (date, value, currency, sender, recipient) VALUES ('2021-05-12 18:45:23', 5, 'NOK', 23, 8);
INSERT INTO invoice (date, value, currency, sender, recipient) VALUES ('2021-06-11 03:03:12', 79, 'NOK', 22, 25);
INSERT INTO invoice (date, value, currency, sender, recipient) VALUES ('2021-04-20 09:11:15', 18, 'GBP', 35, 34);
INSERT INTO invoice (date, value, currency, sender, recipient) VALUES ('2021-06-10 04:11:27', 87, 'GBP', 31, 30);
INSERT INTO invoice (date, value, currency, sender, recipient) VALUES ('2021-04-18 20:30:55', 22, 'USD', 29, 13);
INSERT INTO invoice (date, value, currency, sender, recipient) VALUES ('2021-05-21 12:06:00', 60, 'RUB', 16, 10);
INSERT INTO invoice (date, value, currency, sender, recipient) VALUES ('2021-05-28 03:37:27', 25, 'RUB', 7, 13);
INSERT INTO invoice (date, value, currency, sender, recipient) VALUES ('2021-04-23 19:20:49', 73, 'BGN', 6, 7);
INSERT INTO invoice (date, value, currency, sender, recipient) VALUES ('2021-04-13 16:37:03', 18, 'SEK', 23, 12);
INSERT INTO invoice (date, value, currency, sender, recipient) VALUES ('2021-06-11 04:26:19', 1, 'ALL', 16, 20);
INSERT INTO invoice (date, value, currency, sender, recipient) VALUES ('2021-04-21 17:14:47', 28, 'NOK', 26, 29);
INSERT INTO invoice (date, value, currency, sender, recipient) VALUES ('2021-06-01 04:48:54', 56, 'GBP', 21, 24);
INSERT INTO invoice (date, value, currency, sender, recipient) VALUES ('2021-04-30 10:45:06', 36, 'EUR', 5, 33);
INSERT INTO invoice (date, value, currency, sender, recipient) VALUES ('2021-05-16 05:03:33', 28, 'ALL', 23, 18);
INSERT INTO invoice (date, value, currency, sender, recipient) VALUES ('2021-04-17 20:01:14', 76, 'PLN', 29, 8);
INSERT INTO invoice (date, value, currency, sender, recipient) VALUES ('2021-06-08 10:46:39', 100, 'USD', 18, 34);
INSERT INTO invoice (date, value, currency, sender, recipient) VALUES ('2021-05-16 21:11:08', 79, 'BHD', 8, 35);
INSERT INTO invoice (date, value, currency, sender, recipient) VALUES ('2021-04-26 03:51:49', 75, 'EUR', 18, 33);
INSERT INTO invoice (date, value, currency, sender, recipient) VALUES ('2021-06-07 05:42:51', 55, 'HKD', 28, 33);
INSERT INTO invoice (date, value, currency, sender, recipient) VALUES ('2021-05-23 23:55:37', 43, 'BHD', 29, 15);
INSERT INTO invoice (date, value, currency, sender, recipient) VALUES ('2021-04-17 17:45:53', 50, 'EUR', 11, 35);
INSERT INTO invoice (date, value, currency, sender, recipient) VALUES ('2021-05-05 12:36:26', 4, 'RUB', 9, 10);
INSERT INTO invoice (date, value, currency, sender, recipient) VALUES ('2021-04-15 13:41:06', 39, 'ALL', 31, 19);
INSERT INTO invoice (date, value, currency, sender, recipient) VALUES ('2021-05-05 01:27:57', 6, 'BGN', 10, 5);
INSERT INTO invoice (date, value, currency, sender, recipient) VALUES ('2021-04-22 12:51:18', 90, 'ALL', 25, 17);
INSERT INTO invoice (date, value, currency, sender, recipient) VALUES ('2021-05-27 07:03:26', 66, 'BGN', 20, 29);
INSERT INTO invoice (date, value, currency, sender, recipient) VALUES ('2021-05-21 00:19:08', 92, 'GBP', 9, 19);
INSERT INTO invoice (date, value, currency, sender, recipient) VALUES ('2021-05-08 00:22:21', 98, 'HKD', 3, 25);
INSERT INTO invoice (date, value, currency, sender, recipient) VALUES ('2021-05-14 10:03:28', 12, 'ALL', 29, 24);
INSERT INTO invoice (date, value, currency, sender, recipient) VALUES ('2021-04-23 12:22:30', 75, 'USD', 6, 8);
INSERT INTO invoice (date, value, currency, sender, recipient) VALUES ('2021-05-31 21:25:18', 10, 'PLN', 22, 8);
INSERT INTO invoice (date, value, currency, sender, recipient) VALUES ('2021-05-29 06:39:39', 99, 'CHF', 25, 5);
INSERT INTO invoice (date, value, currency, sender, recipient) VALUES ('2021-06-04 00:30:54', 37, 'EUR', 4, 10);
INSERT INTO invoice (date, value, currency, sender, recipient) VALUES ('2021-06-03 11:43:44', 69, 'NOK', 4, 22);
INSERT INTO invoice (date, value, currency, sender, recipient) VALUES ('2021-05-11 18:30:53', 39, 'AUD', 34, 35);
INSERT INTO invoice (date, value, currency, sender, recipient) VALUES ('2021-05-17 15:31:14', 5, 'PLN', 7, 21);
INSERT INTO invoice (date, value, currency, sender, recipient) VALUES ('2021-05-25 07:50:04', 92, 'BHD', 5, 8);
INSERT INTO invoice (date, value, currency, sender, recipient) VALUES ('2021-05-13 02:34:41', 100, 'EUR', 25, 24);
INSERT INTO invoice (date, value, currency, sender, recipient) VALUES ('2021-05-31 17:09:08', 72, 'BGN', 25, 14);
INSERT INTO invoice (date, value, currency, sender, recipient) VALUES ('2021-06-06 07:51:04', 78, 'BHD', 32, 29);
INSERT INTO invoice (date, value, currency, sender, recipient) VALUES ('2021-06-06 08:42:28', 72, 'BGN', 8, 17);
INSERT INTO invoice (date, value, currency, sender, recipient) VALUES ('2021-05-01 13:01:05', 47, 'USD', 9, 23);
INSERT INTO invoice (date, value, currency, sender, recipient) VALUES ('2021-05-31 18:10:38', 39, 'GBP', 9, 20);
INSERT INTO invoice (date, value, currency, sender, recipient) VALUES ('2021-04-20 12:12:36', 5, 'USD', 1, 6);
INSERT INTO invoice (date, value, currency, sender, recipient) VALUES ('2021-04-12 12:18:05', 75, 'PLN', 27, 25);
INSERT INTO invoice (date, value, currency, sender, recipient) VALUES ('2021-06-04 04:36:40', 28, 'CHF', 12, 17);
INSERT INTO invoice (date, value, currency, sender, recipient) VALUES ('2021-05-17 05:07:56', 85, 'PLN', 9, 12);
INSERT INTO invoice (date, value, currency, sender, recipient) VALUES ('2021-05-02 13:23:53', 80, 'EUR', 15, 2);
INSERT INTO invoice (date, value, currency, sender, recipient) VALUES ('2021-04-28 14:28:53', 72, 'PLN', 23, 21);
INSERT INTO invoice (date, value, currency, sender, recipient) VALUES ('2021-05-23 15:43:48', 14, 'NOK', 4, 25);
INSERT INTO invoice (date, value, currency, sender, recipient) VALUES ('2021-04-14 18:09:42', 18, 'NOK', 29, 35);
INSERT INTO invoice (date, value, currency, sender, recipient) VALUES ('2021-05-03 03:04:14', 24, 'EUR', 6, 14);
INSERT INTO invoice (date, value, currency, sender, recipient) VALUES ('2021-06-05 03:47:59', 24, 'SEK', 14, 6);
INSERT INTO invoice (date, value, currency, sender, recipient) VALUES ('2021-04-21 23:35:50', 42, 'GBP', 5, 25);
INSERT INTO invoice (date, value, currency, sender, recipient) VALUES ('2021-05-01 08:32:59', 85, 'USD', 22, 26);
INSERT INTO invoice (date, value, currency, sender, recipient) VALUES ('2021-04-30 02:16:51', 34, 'GBP', 11, 28);
INSERT INTO invoice (date, value, currency, sender, recipient) VALUES ('2021-05-01 15:18:44', 0, 'USD', 17, 26);
INSERT INTO invoice (date, value, currency, sender, recipient) VALUES ('2021-04-15 07:31:49', 36, 'BHD', 29, 15);
INSERT INTO invoice (date, value, currency, sender, recipient) VALUES ('2021-05-10 21:11:47', 45, 'AUD', 33, 22);
INSERT INTO invoice (date, value, currency, sender, recipient) VALUES ('2021-05-09 12:26:52', 28, 'PLN', 23, 11);
INSERT INTO invoice (date, value, currency, sender, recipient) VALUES ('2021-05-19 21:13:13', 52, 'PLN', 1, 11);
INSERT INTO invoice (date, value, currency, sender, recipient) VALUES ('2021-05-23 05:05:48', 62, 'USD', 7, 34);
INSERT INTO invoice (date, value, currency, sender, recipient) VALUES ('2021-04-19 09:31:17', 95, 'CHF', 18, 17);
INSERT INTO invoice (date, value, currency, sender, recipient) VALUES ('2021-05-23 23:08:36', 41, 'ALL', 5, 19);
INSERT INTO invoice (date, value, currency, sender, recipient) VALUES ('2021-05-21 07:50:44', 69, 'USD', 2, 24);
INSERT INTO invoice (date, value, currency, sender, recipient) VALUES ('2021-06-10 04:15:51', 55, 'USD', 13, 11);
INSERT INTO invoice (date, value, currency, sender, recipient) VALUES ('2021-05-11 15:35:10', 64, 'RUB', 29, 30);
INSERT INTO invoice (date, value, currency, sender, recipient) VALUES ('2021-05-21 05:20:31', 58, 'SEK', 35, 32);
INSERT INTO invoice (date, value, currency, sender, recipient) VALUES ('2021-05-15 06:26:30', 97, 'CHF', 21, 31);
INSERT INTO invoice (date, value, currency, sender, recipient) VALUES ('2021-06-08 01:39:14', 6, 'ALL', 9, 4);
INSERT INTO invoice (date, value, currency, sender, recipient) VALUES ('2021-04-14 18:38:11', 19, 'ALL', 10, 11);
INSERT INTO invoice (date, value, currency, sender, recipient) VALUES ('2021-05-15 01:29:27', 32, 'RUB', 26, 26);
INSERT INTO invoice (date, value, currency, sender, recipient) VALUES ('2021-04-22 18:09:32', 61, 'AUD', 20, 7);
INSERT INTO invoice (date, value, currency, sender, recipient) VALUES ('2021-05-14 04:28:33', 75, 'EUR', 14, 28);
INSERT INTO invoice (date, value, currency, sender, recipient) VALUES ('2021-05-25 20:51:54', 29, 'AUD', 10, 11);
INSERT INTO invoice (date, value, currency, sender, recipient) VALUES ('2021-05-25 07:43:43', 44, 'GBP', 2, 2);
INSERT INTO invoice (date, value, currency, sender, recipient) VALUES ('2021-05-25 07:26:21', 56, 'GBP', 8, 22);
INSERT INTO invoice (date, value, currency, sender, recipient) VALUES ('2021-04-22 21:53:49', 3, 'BHD', 25, 21);
INSERT INTO invoice (date, value, currency, sender, recipient) VALUES ('2021-04-16 07:21:37', 44, 'HKD', 11, 34);
INSERT INTO invoice (date, value, currency, sender, recipient) VALUES ('2021-04-27 06:29:59', 21, 'RUB', 23, 28);
INSERT INTO invoice (date, value, currency, sender, recipient) VALUES ('2021-05-22 17:50:45', 2, 'RUB', 26, 4);
INSERT INTO invoice (date, value, currency, sender, recipient) VALUES ('2021-05-13 19:31:11', 59, 'BHD', 33, 35);
INSERT INTO invoice (date, value, currency, sender, recipient) VALUES ('2021-06-02 01:06:42', 72, 'GBP', 35, 12);
INSERT INTO invoice (date, value, currency, sender, recipient) VALUES ('2021-04-27 16:02:46', 10, 'AUD', 20, 9);
INSERT INTO invoice (date, value, currency, sender, recipient) VALUES ('2021-04-21 17:07:07', 47, 'EUR', 32, 23);
INSERT INTO invoice (date, value, currency, sender, recipient) VALUES ('2021-04-30 20:22:08', 90, 'HKD', 24, 22);
INSERT INTO invoice (date, value, currency, sender, recipient) VALUES ('2021-05-07 04:25:55', 49, 'AUD', 34, 18);
INSERT INTO invoice (date, value, currency, sender, recipient) VALUES ('2021-05-31 05:30:36', 29, 'RUB', 28, 31);
INSERT INTO invoice (date, value, currency, sender, recipient) VALUES ('2021-06-04 12:25:32', 81, 'BGN', 1, 5);
INSERT INTO invoice (date, value, currency, sender, recipient) VALUES ('2021-06-06 17:24:46', 90, 'GBP', 20, 3);
INSERT INTO invoice (date, value, currency, sender, recipient) VALUES ('2021-04-16 07:45:19', 93, 'SEK', 30, 5);
INSERT INTO invoice (date, value, currency, sender, recipient) VALUES ('2021-05-10 22:57:19', 16, 'EUR', 2, 19);
INSERT INTO invoice (date, value, currency, sender, recipient) VALUES ('2021-06-04 07:22:47', 72, 'BHD', 27, 15);
INSERT INTO invoice (date, value, currency, sender, recipient) VALUES ('2021-04-13 20:05:38', 53, 'RUB', 16, 32);
INSERT INTO invoice (date, value, currency, sender, recipient) VALUES ('2021-05-03 19:59:47', 55, 'NOK', 18, 14);
INSERT INTO invoice (date, value, currency, sender, recipient) VALUES ('2021-05-26 17:31:28', 78, 'CHF', 28, 19);
INSERT INTO invoice (date, value, currency, sender, recipient) VALUES ('2021-04-21 02:02:59', 16, 'BGN', 12, 32);
INSERT INTO invoice (date, value, currency, sender, recipient) VALUES ('2021-05-07 09:41:02', 96, 'HKD', 22, 8);
INSERT INTO invoice (date, value, currency, sender, recipient) VALUES ('2021-05-23 01:34:54', 74, 'NOK', 9, 22);
INSERT INTO invoice (date, value, currency, sender, recipient) VALUES ('2021-04-16 04:54:22', 98, 'ALL', 22, 22);
INSERT INTO invoice (date, value, currency, sender, recipient) VALUES ('2021-05-29 02:47:11', 44, 'PLN', 2, 2);
INSERT INTO invoice (date, value, currency, sender, recipient) VALUES ('2021-06-02 20:40:36', 37, 'HKD', 11, 21);
INSERT INTO invoice (date, value, currency, sender, recipient) VALUES ('2021-04-27 05:35:07', 68, 'USD', 15, 27);
INSERT INTO invoice (date, value, currency, sender, recipient) VALUES ('2021-04-17 01:37:49', 70, 'GBP', 30, 31);
INSERT INTO invoice (date, value, currency, sender, recipient) VALUES ('2021-06-09 08:28:57', 92, 'PLN', 3, 7);
INSERT INTO invoice (date, value, currency, sender, recipient) VALUES ('2021-05-21 18:36:37', 37, 'AUD', 30, 33);
INSERT INTO invoice (date, value, currency, sender, recipient) VALUES ('2021-06-02 08:55:00', 24, 'USD', 8, 11);
INSERT INTO invoice (date, value, currency, sender, recipient) VALUES ('2021-05-19 20:14:31', 70, 'RUB', 3, 17);
INSERT INTO invoice (date, value, currency, sender, recipient) VALUES ('2021-05-23 06:01:40', 61, 'PLN', 2, 21);
INSERT INTO invoice (date, value, currency, sender, recipient) VALUES ('2021-04-21 18:44:13', 89, 'RUB', 3, 24);
INSERT INTO invoice (date, value, currency, sender, recipient) VALUES ('2021-05-21 00:27:51', 19, 'GBP', 5, 5);
INSERT INTO invoice (date, value, currency, sender, recipient) VALUES ('2021-05-22 20:12:42', 18, 'PLN', 20, 11);
INSERT INTO invoice (date, value, currency, sender, recipient) VALUES ('2021-06-10 21:48:28', 69, 'AUD', 15, 23);
INSERT INTO invoice (date, value, currency, sender, recipient) VALUES ('2021-04-28 12:23:31', 68, 'EUR', 24, 13);
INSERT INTO invoice (date, value, currency, sender, recipient) VALUES ('2021-05-31 00:45:57', 66, 'SEK', 18, 11);
INSERT INTO invoice (date, value, currency, sender, recipient) VALUES ('2021-05-17 02:50:59', 51, 'EUR', 7, 2);
INSERT INTO invoice (date, value, currency, sender, recipient) VALUES ('2021-04-23 12:07:48', 63, 'USD', 18, 14);
INSERT INTO invoice (date, value, currency, sender, recipient) VALUES ('2021-05-09 16:40:18', 30, 'RUB', 31, 21);
INSERT INTO invoice (date, value, currency, sender, recipient) VALUES ('2021-04-15 05:36:06', 24, 'RUB', 9, 22);
INSERT INTO invoice (date, value, currency, sender, recipient) VALUES ('2021-05-07 11:55:15', 74, 'RUB', 14, 1);
INSERT INTO invoice (date, value, currency, sender, recipient) VALUES ('2021-04-12 12:24:07', 93, 'CHF', 19, 10);
INSERT INTO invoice (date, value, currency, sender, recipient) VALUES ('2021-06-07 13:28:34', 17, 'RUB', 5, 7);
INSERT INTO invoice (date, value, currency, sender, recipient) VALUES ('2021-04-25 04:55:16', 12, 'ALL', 7, 16);
INSERT INTO invoice (date, value, currency, sender, recipient) VALUES ('2021-04-19 15:46:38', 79, 'CHF', 8, 35);
INSERT INTO invoice (date, value, currency, sender, recipient) VALUES ('2021-05-30 11:32:22', 97, 'SEK', 20, 4);
INSERT INTO invoice (date, value, currency, sender, recipient) VALUES ('2021-05-05 14:27:38', 77, 'ALL', 13, 27);
INSERT INTO invoice (date, value, currency, sender, recipient) VALUES ('2021-05-11 15:04:18', 88, 'GBP', 16, 5);
INSERT INTO invoice (date, value, currency, sender, recipient) VALUES ('2021-06-05 19:45:14', 24, 'RUB', 34, 12);
INSERT INTO invoice (date, value, currency, sender, recipient) VALUES ('2021-06-11 04:01:00', 66, 'RUB', 6, 18);
INSERT INTO invoice (date, value, currency, sender, recipient) VALUES ('2021-05-17 18:49:59', 99, 'EUR', 23, 12);
INSERT INTO invoice (date, value, currency, sender, recipient) VALUES ('2021-04-19 05:39:20', 32, 'PLN', 17, 33);
INSERT INTO invoice (date, value, currency, sender, recipient) VALUES ('2021-05-30 03:48:02', 66, 'EUR', 20, 24);
INSERT INTO invoice (date, value, currency, sender, recipient) VALUES ('2021-04-20 00:26:43', 73, 'ALL', 4, 33);
INSERT INTO invoice (date, value, currency, sender, recipient) VALUES ('2021-05-18 17:20:01', 23, 'NOK', 25, 15);
INSERT INTO invoice (date, value, currency, sender, recipient) VALUES ('2021-04-17 22:35:54', 35, 'EUR', 22, 17);
INSERT INTO invoice (date, value, currency, sender, recipient) VALUES ('2021-05-22 23:36:45', 79, 'EUR', 28, 34);
INSERT INTO invoice (date, value, currency, sender, recipient) VALUES ('2021-05-22 15:57:39', 63, 'ALL', 30, 30);
INSERT INTO invoice (date, value, currency, sender, recipient) VALUES ('2021-05-22 23:28:10', 74, 'BGN', 17, 12);
INSERT INTO invoice (date, value, currency, sender, recipient) VALUES ('2021-05-21 20:00:41', 48, 'CHF', 4, 1);
INSERT INTO invoice (date, value, currency, sender, recipient) VALUES ('2021-05-03 23:20:07', 69, 'BGN', 21, 29);
INSERT INTO invoice (date, value, currency, sender, recipient) VALUES ('2021-05-02 03:45:00', 58, 'PLN', 18, 16);
INSERT INTO invoice (date, value, currency, sender, recipient) VALUES ('2021-06-07 18:48:42', 74, 'EUR', 18, 9);
INSERT INTO invoice (date, value, currency, sender, recipient) VALUES ('2021-06-05 19:12:06', 42, 'BHD', 19, 6);
INSERT INTO invoice (date, value, currency, sender, recipient) VALUES ('2021-06-01 12:08:39', 40, 'CHF', 13, 5);
INSERT INTO invoice (date, value, currency, sender, recipient) VALUES ('2021-04-25 17:59:53', 1, 'PLN', 10, 16);
INSERT INTO invoice (date, value, currency, sender, recipient) VALUES ('2021-04-24 07:20:13', 66, 'CHF', 1, 17);
INSERT INTO invoice (date, value, currency, sender, recipient) VALUES ('2021-05-31 23:48:31', 89, 'PLN', 4, 11);
INSERT INTO invoice (date, value, currency, sender, recipient) VALUES ('2021-05-19 04:37:02', 59, 'EUR', 19, 30);
INSERT INTO invoice (date, value, currency, sender, recipient) VALUES ('2021-05-20 03:41:42', 24, 'GBP', 1, 30);
INSERT INTO invoice (date, value, currency, sender, recipient) VALUES ('2021-05-31 06:05:00', 53, 'CHF', 25, 23);
INSERT INTO invoice (date, value, currency, sender, recipient) VALUES ('2021-04-20 05:27:31', 61, 'EUR', 18, 15);
INSERT INTO invoice (date, value, currency, sender, recipient) VALUES ('2021-05-11 21:32:02', 12, 'RUB', 29, 3);
INSERT INTO invoice (date, value, currency, sender, recipient) VALUES ('2021-05-18 18:53:37', 21, 'RUB', 12, 4);
INSERT INTO invoice (date, value, currency, sender, recipient) VALUES ('2021-05-03 06:28:45', 57, 'PLN', 2, 13);
INSERT INTO invoice (date, value, currency, sender, recipient) VALUES ('2021-04-16 13:44:19', 19, 'HKD', 12, 9);
INSERT INTO invoice (date, value, currency, sender, recipient) VALUES ('2021-04-30 17:28:10', 23, 'ALL', 22, 5);
INSERT INTO invoice (date, value, currency, sender, recipient) VALUES ('2021-05-25 02:00:10', 30, 'HKD', 16, 30);
INSERT INTO invoice (date, value, currency, sender, recipient) VALUES ('2021-04-23 22:50:38', 86, 'USD', 22, 34);
INSERT INTO invoice (date, value, currency, sender, recipient) VALUES ('2021-06-04 06:53:37', 92, 'HKD', 17, 35);
INSERT INTO invoice (date, value, currency, sender, recipient) VALUES ('2021-05-06 23:35:32', 76, 'ALL', 6, 5);
INSERT INTO invoice (date, value, currency, sender, recipient) VALUES ('2021-04-29 19:38:11', 70, 'PLN', 12, 31);
INSERT INTO invoice (date, value, currency, sender, recipient) VALUES ('2021-04-20 09:29:46', 12, 'ALL', 22, 21);
INSERT INTO invoice (date, value, currency, sender, recipient) VALUES ('2021-05-09 15:39:58', 54, 'ALL', 26, 33);
INSERT INTO invoice (date, value, currency, sender, recipient) VALUES ('2021-06-09 09:14:15', 64, 'ALL', 32, 9);
INSERT INTO invoice (date, value, currency, sender, recipient) VALUES ('2021-04-22 16:57:28', 41, 'PLN', 35, 18);
INSERT INTO invoice (date, value, currency, sender, recipient) VALUES ('2021-05-21 17:55:21', 88, 'CHF', 17, 6);
INSERT INTO invoice (date, value, currency, sender, recipient) VALUES ('2021-05-10 04:29:58', 7, 'EUR', 25, 24);
INSERT INTO invoice (date, value, currency, sender, recipient) VALUES ('2021-05-31 23:00:02', 87, 'EUR', 2, 8);
INSERT INTO invoice (date, value, currency, sender, recipient) VALUES ('2021-05-16 00:10:01', 36, 'BGN', 11, 11);
INSERT INTO invoice (date, value, currency, sender, recipient) VALUES ('2021-05-04 04:48:53', 14, 'BHD', 28, 1);
INSERT INTO invoice (date, value, currency, sender, recipient) VALUES ('2021-05-03 09:08:49', 97, 'USD', 4, 30);
INSERT INTO invoice (date, value, currency, sender, recipient) VALUES ('2021-05-22 16:52:02', 10, 'PLN', 23, 25);
INSERT INTO invoice (date, value, currency, sender, recipient) VALUES ('2021-04-27 12:09:07', 82, 'BHD', 29, 8);
INSERT INTO invoice (date, value, currency, sender, recipient) VALUES ('2021-05-18 10:45:10', 43, 'NOK', 29, 12);
INSERT INTO invoice (date, value, currency, sender, recipient) VALUES ('2021-05-08 23:56:29', 40, 'GBP', 10, 8);
INSERT INTO invoice (date, value, currency, sender, recipient) VALUES ('2021-04-17 12:43:21', 67, 'NOK', 16, 20);
INSERT INTO invoice (date, value, currency, sender, recipient) VALUES ('2021-04-26 21:12:03', 28, 'GBP', 22, 28);
INSERT INTO invoice (date, value, currency, sender, recipient) VALUES ('2021-04-13 03:51:57', 7, 'SEK', 33, 27);
INSERT INTO invoice (date, value, currency, sender, recipient) VALUES ('2021-04-13 02:32:15', 88, 'GBP', 10, 28);
INSERT INTO invoice (date, value, currency, sender, recipient) VALUES ('2021-05-22 11:52:28', 98, 'PLN', 21, 3);
INSERT INTO invoice (date, value, currency, sender, recipient) VALUES ('2021-05-20 22:47:51', 27, 'USD', 14, 30);
INSERT INTO invoice (date, value, currency, sender, recipient) VALUES ('2021-04-26 10:32:11', 100, 'BGN', 34, 11);
INSERT INTO invoice (date, value, currency, sender, recipient) VALUES ('2021-05-13 15:09:00', 53, 'RUB', 6, 32);
INSERT INTO invoice (date, value, currency, sender, recipient) VALUES ('2021-06-07 11:36:03', 98, 'RUB', 25, 21);
INSERT INTO invoice (date, value, currency, sender, recipient) VALUES ('2021-06-01 07:37:47', 12, 'ALL', 31, 15);
INSERT INTO invoice (date, value, currency, sender, recipient) VALUES ('2021-05-02 01:22:39', 50, 'AUD', 24, 7);
INSERT INTO invoice (date, value, currency, sender, recipient) VALUES ('2021-06-09 09:26:33', 3, 'ALL', 34, 3);
INSERT INTO invoice (date, value, currency, sender, recipient) VALUES ('2021-06-04 07:00:16', 57, 'RUB', 22, 5);
INSERT INTO invoice (date, value, currency, sender, recipient) VALUES ('2021-05-27 16:04:02', 55, 'ALL', 4, 11);
INSERT INTO invoice (date, value, currency, sender, recipient) VALUES ('2021-04-15 02:56:51', 27, 'BGN', 4, 7);
INSERT INTO invoice (date, value, currency, sender, recipient) VALUES ('2021-04-27 17:00:41', 67, 'ALL', 22, 4);
INSERT INTO invoice (date, value, currency, sender, recipient) VALUES ('2021-05-09 04:33:37', 33, 'RUB', 6, 26);
INSERT INTO invoice (date, value, currency, sender, recipient) VALUES ('2021-05-23 20:42:38', 55, 'USD', 30, 4);
INSERT INTO invoice (date, value, currency, sender, recipient) VALUES ('2021-05-19 05:37:44', 37, 'NOK', 20, 21);
INSERT INTO invoice (date, value, currency, sender, recipient) VALUES ('2021-05-17 22:34:19', 61, 'RUB', 6, 35);
INSERT INTO invoice (date, value, currency, sender, recipient) VALUES ('2021-05-02 06:58:32', 34, 'GBP', 30, 29);
INSERT INTO invoice (date, value, currency, sender, recipient) VALUES ('2021-05-09 09:52:27', 45, 'BGN', 19, 2);
INSERT INTO invoice (date, value, currency, sender, recipient) VALUES ('2021-04-13 08:05:06', 98, 'RUB', 8, 29);
INSERT INTO invoice (date, value, currency, sender, recipient) VALUES ('2021-05-28 07:55:02', 19, 'NOK', 11, 15);
INSERT INTO invoice (date, value, currency, sender, recipient) VALUES ('2021-05-14 20:36:17', 12, 'PLN', 26, 13);
INSERT INTO invoice (date, value, currency, sender, recipient) VALUES ('2021-05-23 10:15:36', 17, 'AUD', 3, 34);
INSERT INTO invoice (date, value, currency, sender, recipient) VALUES ('2021-05-08 22:01:48', 22, 'PLN', 5, 30);
INSERT INTO invoice (date, value, currency, sender, recipient) VALUES ('2021-04-23 01:32:37', 75, 'AUD', 35, 9);
INSERT INTO invoice (date, value, currency, sender, recipient) VALUES ('2021-05-16 01:25:24', 70, 'HKD', 7, 16);
INSERT INTO invoice (date, value, currency, sender, recipient) VALUES ('2021-05-23 19:45:31', 27, 'EUR', 10, 12);
INSERT INTO invoice (date, value, currency, sender, recipient) VALUES ('2021-04-19 05:40:38', 24, 'BGN', 29, 3);
INSERT INTO invoice (date, value, currency, sender, recipient) VALUES ('2021-05-04 23:29:56', 98, 'GBP', 25, 3);
INSERT INTO invoice (date, value, currency, sender, recipient) VALUES ('2021-04-27 07:44:38', 4, 'SEK', 14, 7);
INSERT INTO invoice (date, value, currency, sender, recipient) VALUES ('2021-05-22 13:32:53', 93, 'RUB', 25, 9);
INSERT INTO invoice (date, value, currency, sender, recipient) VALUES ('2021-05-14 04:43:11', 22, 'EUR', 30, 4);
INSERT INTO invoice (date, value, currency, sender, recipient) VALUES ('2021-05-28 20:09:12', 59, 'SEK', 14, 9);
INSERT INTO invoice (date, value, currency, sender, recipient) VALUES ('2021-05-15 01:25:47', 80, 'NOK', 12, 10);
INSERT INTO invoice (date, value, currency, sender, recipient) VALUES ('2021-04-23 20:42:03', 41, 'USD', 34, 5);
INSERT INTO invoice (date, value, currency, sender, recipient) VALUES ('2021-05-07 01:56:48', 69, 'HKD', 30, 8);
INSERT INTO invoice (date, value, currency, sender, recipient) VALUES ('2021-05-05 09:02:14', 17, 'ALL', 22, 14);
INSERT INTO invoice (date, value, currency, sender, recipient) VALUES ('2021-05-27 16:43:31', 66, 'SEK', 26, 3);
INSERT INTO invoice (date, value, currency, sender, recipient) VALUES ('2021-05-29 00:14:50', 61, 'NOK', 22, 19);
INSERT INTO invoice (date, value, currency, sender, recipient) VALUES ('2021-04-15 09:05:40', 11, 'BGN', 23, 18);
INSERT INTO invoice (date, value, currency, sender, recipient) VALUES ('2021-06-10 14:22:10', 80, 'RUB', 6, 12);
INSERT INTO invoice (date, value, currency, sender, recipient) VALUES ('2021-05-01 18:41:59', 39, 'RUB', 13, 13);
INSERT INTO invoice (date, value, currency, sender, recipient) VALUES ('2021-06-07 12:34:55', 13, 'NOK', 24, 19);
INSERT INTO invoice (date, value, currency, sender, recipient) VALUES ('2021-04-14 02:48:52', 21, 'NOK', 23, 35);
INSERT INTO invoice (date, value, currency, sender, recipient) VALUES ('2021-06-01 12:55:20', 75, 'CHF', 9, 6);
INSERT INTO invoice (date, value, currency, sender, recipient) VALUES ('2021-05-02 05:00:11', 67, 'PLN', 5, 7);
INSERT INTO invoice (date, value, currency, sender, recipient) VALUES ('2021-06-04 10:15:12', 52, 'HKD', 30, 4);
INSERT INTO invoice (date, value, currency, sender, recipient) VALUES ('2021-04-22 18:00:05', 81, 'NOK', 9, 22);
INSERT INTO invoice (date, value, currency, sender, recipient) VALUES ('2021-06-07 05:14:56', 6, 'RUB', 32, 33);
INSERT INTO invoice (date, value, currency, sender, recipient) VALUES ('2021-04-23 16:37:38', 90, 'GBP', 32, 35);
INSERT INTO invoice (date, value, currency, sender, recipient) VALUES ('2021-05-27 15:02:12', 7, 'RUB', 13, 13);
INSERT INTO invoice (date, value, currency, sender, recipient) VALUES ('2021-05-18 13:53:55', 62, 'CHF', 28, 17);
INSERT INTO invoice (date, value, currency, sender, recipient) VALUES ('2021-04-17 04:03:52', 32, 'HKD', 24, 16);
INSERT INTO invoice (date, value, currency, sender, recipient) VALUES ('2021-04-24 15:16:35', 14, 'AUD', 27, 2);
INSERT INTO invoice (date, value, currency, sender, recipient) VALUES ('2021-04-25 21:34:41', 45, 'EUR', 21, 11);
INSERT INTO invoice (date, value, currency, sender, recipient) VALUES ('2021-05-28 12:55:08', 10, 'NOK', 17, 8);
INSERT INTO invoice (date, value, currency, sender, recipient) VALUES ('2021-06-04 12:42:05', 83, 'HKD', 25, 29);
INSERT INTO invoice (date, value, currency, sender, recipient) VALUES ('2021-06-10 17:03:17', 27, 'USD', 20, 30);
INSERT INTO invoice (date, value, currency, sender, recipient) VALUES ('2021-04-19 21:57:00', 89, 'SEK', 3, 10);
INSERT INTO invoice (date, value, currency, sender, recipient) VALUES ('2021-05-03 22:29:22', 7, 'EUR', 23, 18);
INSERT INTO invoice (date, value, currency, sender, recipient) VALUES ('2021-05-08 23:20:43', 38, 'AUD', 4, 9);
INSERT INTO invoice (date, value, currency, sender, recipient) VALUES ('2021-04-26 14:52:15', 51, 'HKD', 29, 13);
INSERT INTO invoice (date, value, currency, sender, recipient) VALUES ('2021-04-21 20:07:55', 18, 'GBP', 28, 33);
INSERT INTO invoice (date, value, currency, sender, recipient) VALUES ('2021-05-23 20:18:40', 46, 'NOK', 10, 4);
INSERT INTO invoice (date, value, currency, sender, recipient) VALUES ('2021-05-20 07:16:59', 69, 'NOK', 15, 18);
INSERT INTO invoice (date, value, currency, sender, recipient) VALUES ('2021-04-21 01:46:48', 93, 'SEK', 31, 20);
INSERT INTO invoice (date, value, currency, sender, recipient) VALUES ('2021-05-24 15:05:58', 64, 'GBP', 27, 2);
INSERT INTO invoice (date, value, currency, sender, recipient) VALUES ('2021-05-11 23:38:43', 70, 'HKD', 27, 18);
INSERT INTO invoice (date, value, currency, sender, recipient) VALUES ('2021-05-16 22:03:19', 97, 'RUB', 17, 9);
INSERT INTO invoice (date, value, currency, sender, recipient) VALUES ('2021-04-26 12:18:34', 8, 'NOK', 7, 13);
INSERT INTO invoice (date, value, currency, sender, recipient) VALUES ('2021-05-08 09:15:32', 34, 'ALL', 4, 10);
INSERT INTO invoice (date, value, currency, sender, recipient) VALUES ('2021-05-19 00:13:30', 54, 'AUD', 14, 17);
INSERT INTO invoice (date, value, currency, sender, recipient) VALUES ('2021-06-10 00:43:34', 85, 'PLN', 34, 20);
INSERT INTO invoice (date, value, currency, sender, recipient) VALUES ('2021-05-14 04:27:55', 34, 'PLN', 28, 23);
INSERT INTO invoice (date, value, currency, sender, recipient) VALUES ('2021-04-30 19:04:08', 7, 'USD', 12, 25);
INSERT INTO invoice (date, value, currency, sender, recipient) VALUES ('2021-04-14 20:16:13', 9, 'SEK', 26, 8);
INSERT INTO invoice (date, value, currency, sender, recipient) VALUES ('2021-05-27 15:22:51', 52, 'EUR', 25, 14);
INSERT INTO invoice (date, value, currency, sender, recipient) VALUES ('2021-05-04 18:22:12', 34, 'AUD', 31, 11);
INSERT INTO invoice (date, value, currency, sender, recipient) VALUES ('2021-06-07 06:39:23', 3, 'BHD', 8, 13);
INSERT INTO invoice (date, value, currency, sender, recipient) VALUES ('2021-04-29 13:49:15', 25, 'ALL', 34, 32);
INSERT INTO invoice (date, value, currency, sender, recipient) VALUES ('2021-05-18 06:16:37', 89, 'BHD', 21, 10);
INSERT INTO invoice (date, value, currency, sender, recipient) VALUES ('2021-05-04 16:23:06', 65, 'EUR', 28, 14);
INSERT INTO invoice (date, value, currency, sender, recipient) VALUES ('2021-05-11 16:23:01', 45, 'BHD', 3, 17);
INSERT INTO invoice (date, value, currency, sender, recipient) VALUES ('2021-04-27 16:56:39', 17, 'PLN', 4, 7);
INSERT INTO invoice (date, value, currency, sender, recipient) VALUES ('2021-05-30 10:57:03', 11, 'PLN', 29, 5);
INSERT INTO invoice (date, value, currency, sender, recipient) VALUES ('2021-05-25 03:00:48', 42, 'CHF', 1, 24);
INSERT INTO invoice (date, value, currency, sender, recipient) VALUES ('2021-05-05 02:02:52', 56, 'AUD', 21, 24);
INSERT INTO invoice (date, value, currency, sender, recipient) VALUES ('2021-04-17 19:40:21', 79, 'SEK', 7, 23);
INSERT INTO invoice (date, value, currency, sender, recipient) VALUES ('2021-05-22 18:38:54', 30, 'CHF', 5, 23);
INSERT INTO invoice (date, value, currency, sender, recipient) VALUES ('2021-04-24 01:15:42', 71, 'RUB', 23, 25);
INSERT INTO invoice (date, value, currency, sender, recipient) VALUES ('2021-05-16 01:13:15', 24, 'USD', 17, 5);
INSERT INTO invoice (date, value, currency, sender, recipient) VALUES ('2021-04-18 02:39:14', 20, 'BGN', 15, 33);
INSERT INTO invoice (date, value, currency, sender, recipient) VALUES ('2021-05-01 13:32:53', 26, 'NOK', 2, 19);
INSERT INTO invoice (date, value, currency, sender, recipient) VALUES ('2021-06-01 03:36:08', 13, 'NOK', 32, 33);
INSERT INTO invoice (date, value, currency, sender, recipient) VALUES ('2021-05-09 22:19:06', 43, 'USD', 1, 9);
INSERT INTO invoice (date, value, currency, sender, recipient) VALUES ('2021-04-24 01:15:48', 95, 'BHD', 2, 9);
INSERT INTO invoice (date, value, currency, sender, recipient) VALUES ('2021-04-15 17:59:23', 65, 'AUD', 28, 26);
INSERT INTO invoice (date, value, currency, sender, recipient) VALUES ('2021-05-02 19:24:54', 58, 'HKD', 6, 21);
INSERT INTO invoice (date, value, currency, sender, recipient) VALUES ('2021-05-30 15:15:24', 95, 'USD', 30, 29);
INSERT INTO invoice (date, value, currency, sender, recipient) VALUES ('2021-04-20 17:46:53', 91, 'AUD', 7, 32);
INSERT INTO invoice (date, value, currency, sender, recipient) VALUES ('2021-05-01 18:38:21', 8, 'PLN', 35, 5);
INSERT INTO invoice (date, value, currency, sender, recipient) VALUES ('2021-06-03 03:17:27', 32, 'ALL', 33, 20);
INSERT INTO invoice (date, value, currency, sender, recipient) VALUES ('2021-05-26 17:40:26', 67, 'BHD', 35, 18);
INSERT INTO invoice (date, value, currency, sender, recipient) VALUES ('2021-06-06 02:27:37', 8, 'ALL', 22, 35);
INSERT INTO invoice (date, value, currency, sender, recipient) VALUES ('2021-05-21 15:39:43', 56, 'NOK', 8, 14);
INSERT INTO invoice (date, value, currency, sender, recipient) VALUES ('2021-05-29 16:53:47', 85, 'BHD', 20, 17);
INSERT INTO invoice (date, value, currency, sender, recipient) VALUES ('2021-04-23 07:34:24', 50, 'ALL', 34, 4);
INSERT INTO invoice (date, value, currency, sender, recipient) VALUES ('2021-05-16 20:09:53', 68, 'SEK', 27, 11);
INSERT INTO invoice (date, value, currency, sender, recipient) VALUES ('2021-06-06 21:02:47', 83, 'EUR', 25, 22);
INSERT INTO invoice (date, value, currency, sender, recipient) VALUES ('2021-04-20 00:53:22', 71, 'SEK', 31, 32);
INSERT INTO invoice (date, value, currency, sender, recipient) VALUES ('2021-05-09 06:30:26', 28, 'RUB', 21, 29);
INSERT INTO invoice (date, value, currency, sender, recipient) VALUES ('2021-05-07 12:35:39', 68, 'HKD', 15, 14);
INSERT INTO invoice (date, value, currency, sender, recipient) VALUES ('2021-04-29 04:45:45', 5, 'NOK', 16, 20);
INSERT INTO invoice (date, value, currency, sender, recipient) VALUES ('2021-05-19 03:01:04', 57, 'SEK', 20, 28);
INSERT INTO invoice (date, value, currency, sender, recipient) VALUES ('2021-04-29 03:50:18', 76, 'PLN', 27, 25);
INSERT INTO invoice (date, value, currency, sender, recipient) VALUES ('2021-04-18 04:01:01', 69, 'PLN', 6, 16);
INSERT INTO invoice (date, value, currency, sender, recipient) VALUES ('2021-05-06 17:51:17', 43, 'NOK', 2, 13);
INSERT INTO invoice (date, value, currency, sender, recipient) VALUES ('2021-06-11 08:15:35', 5, 'AUD', 17, 24);
INSERT INTO invoice (date, value, currency, sender, recipient) VALUES ('2021-05-31 19:38:13', 35, 'AUD', 5, 17);
INSERT INTO invoice (date, value, currency, sender, recipient) VALUES ('2021-05-24 02:31:57', 86, 'BHD', 30, 24);
INSERT INTO invoice (date, value, currency, sender, recipient) VALUES ('2021-05-28 06:12:40', 26, 'GBP', 17, 19);
INSERT INTO invoice (date, value, currency, sender, recipient) VALUES ('2021-05-25 13:09:06', 93, 'USD', 35, 25);
INSERT INTO invoice (date, value, currency, sender, recipient) VALUES ('2021-04-15 21:32:48', 30, 'HKD', 30, 27);
INSERT INTO invoice (date, value, currency, sender, recipient) VALUES ('2021-05-20 08:50:28', 54, 'PLN', 19, 21);
INSERT INTO invoice (date, value, currency, sender, recipient) VALUES ('2021-06-02 18:53:52', 87, 'RUB', 9, 8);
INSERT INTO invoice (date, value, currency, sender, recipient) VALUES ('2021-04-13 13:06:52', 4, 'BGN', 14, 29);
INSERT INTO invoice (date, value, currency, sender, recipient) VALUES ('2021-05-06 05:57:00', 35, 'BGN', 30, 13);
INSERT INTO invoice (date, value, currency, sender, recipient) VALUES ('2021-05-12 07:44:49', 30, 'ALL', 19, 21);
INSERT INTO invoice (date, value, currency, sender, recipient) VALUES ('2021-04-20 15:56:26', 69, 'CHF', 13, 13);
INSERT INTO invoice (date, value, currency, sender, recipient) VALUES ('2021-04-23 12:16:58', 29, 'RUB', 8, 13);
INSERT INTO invoice (date, value, currency, sender, recipient) VALUES ('2021-05-20 13:26:34', 33, 'HKD', 27, 31);
INSERT INTO invoice (date, value, currency, sender, recipient) VALUES ('2021-04-13 09:37:33', 95, 'PLN', 34, 23);
INSERT INTO invoice (date, value, currency, sender, recipient) VALUES ('2021-05-08 12:04:24', 29, 'BGN', 34, 11);
INSERT INTO invoice (date, value, currency, sender, recipient) VALUES ('2021-05-20 17:49:16', 49, 'RUB', 10, 32);
INSERT INTO invoice (date, value, currency, sender, recipient) VALUES ('2021-05-13 22:00:37', 13, 'HKD', 3, 29);
INSERT INTO invoice (date, value, currency, sender, recipient) VALUES ('2021-04-30 05:37:45', 62, 'AUD', 9, 22);
INSERT INTO invoice (date, value, currency, sender, recipient) VALUES ('2021-05-17 13:07:19', 10, 'AUD', 11, 15);
INSERT INTO invoice (date, value, currency, sender, recipient) VALUES ('2021-04-13 04:29:11', 75, 'SEK', 19, 33);
INSERT INTO invoice (date, value, currency, sender, recipient) VALUES ('2021-05-01 13:27:18', 11, 'GBP', 12, 22);
INSERT INTO invoice (date, value, currency, sender, recipient) VALUES ('2021-05-26 17:44:07', 67, 'RUB', 14, 35);
INSERT INTO invoice (date, value, currency, sender, recipient) VALUES ('2021-05-01 08:33:56', 39, 'PLN', 22, 13);
INSERT INTO invoice (date, value, currency, sender, recipient) VALUES ('2021-05-06 18:50:48', 66, 'BHD', 35, 23);
INSERT INTO invoice (date, value, currency, sender, recipient) VALUES ('2021-06-04 01:11:49', 28, 'ALL', 20, 26);
INSERT INTO invoice (date, value, currency, sender, recipient) VALUES ('2021-05-27 01:13:30', 49, 'PLN', 21, 21);
INSERT INTO invoice (date, value, currency, sender, recipient) VALUES ('2021-04-28 00:59:03', 61, 'SEK', 13, 33);
INSERT INTO invoice (date, value, currency, sender, recipient) VALUES ('2021-04-16 23:35:11', 22, 'RUB', 29, 30);
INSERT INTO invoice (date, value, currency, sender, recipient) VALUES ('2021-06-01 01:08:45', 93, 'ALL', 29, 11);
INSERT INTO invoice (date, value, currency, sender, recipient) VALUES ('2021-05-29 23:57:18', 97, 'HKD', 17, 12);
INSERT INTO invoice (date, value, currency, sender, recipient) VALUES ('2021-05-27 12:05:32', 94, 'GBP', 9, 9);
INSERT INTO invoice (date, value, currency, sender, recipient) VALUES ('2021-05-09 06:54:31', 9, 'BGN', 18, 13);
INSERT INTO invoice (date, value, currency, sender, recipient) VALUES ('2021-06-06 16:02:25', 15, 'AUD', 20, 20);
INSERT INTO invoice (date, value, currency, sender, recipient) VALUES ('2021-05-16 21:08:20', 95, 'BHD', 18, 16);
INSERT INTO invoice (date, value, currency, sender, recipient) VALUES ('2021-05-26 19:22:31', 95, 'BHD', 14, 8);
INSERT INTO invoice (date, value, currency, sender, recipient) VALUES ('2021-05-12 22:31:28', 88, 'USD', 7, 9);
INSERT INTO invoice (date, value, currency, sender, recipient) VALUES ('2021-05-19 12:49:03', 51, 'CHF', 22, 14);
INSERT INTO invoice (date, value, currency, sender, recipient) VALUES ('2021-05-12 14:37:05', 46, 'NOK', 9, 5);
INSERT INTO invoice (date, value, currency, sender, recipient) VALUES ('2021-04-15 23:25:59', 18, 'HKD', 30, 10);
INSERT INTO invoice (date, value, currency, sender, recipient) VALUES ('2021-05-08 14:24:12', 8, 'NOK', 10, 26);
INSERT INTO invoice (date, value, currency, sender, recipient) VALUES ('2021-05-23 23:15:26', 78, 'GBP', 3, 33);
INSERT INTO invoice (date, value, currency, sender, recipient) VALUES ('2021-04-18 20:21:45', 16, 'AUD', 11, 9);
INSERT INTO invoice (date, value, currency, sender, recipient) VALUES ('2021-06-04 06:38:09', 29, 'ALL', 4, 34);
INSERT INTO invoice (date, value, currency, sender, recipient) VALUES ('2021-04-24 20:59:38', 63, 'PLN', 3, 25);
INSERT INTO invoice (date, value, currency, sender, recipient) VALUES ('2021-06-10 22:45:29', 90, 'EUR', 18, 23);
INSERT INTO invoice (date, value, currency, sender, recipient) VALUES ('2021-06-04 05:38:59', 45, 'BGN', 21, 18);
INSERT INTO invoice (date, value, currency, sender, recipient) VALUES ('2021-06-09 01:05:04', 69, 'RUB', 35, 5);
INSERT INTO invoice (date, value, currency, sender, recipient) VALUES ('2021-04-17 07:36:04', 50, 'HKD', 8, 12);
INSERT INTO invoice (date, value, currency, sender, recipient) VALUES ('2021-05-27 20:09:26', 26, 'BHD', 12, 26);
INSERT INTO invoice (date, value, currency, sender, recipient) VALUES ('2021-05-10 00:53:12', 59, 'SEK', 33, 20);
INSERT INTO invoice (date, value, currency, sender, recipient) VALUES ('2021-04-30 20:30:10', 32, 'BGN', 23, 13);
INSERT INTO invoice (date, value, currency, sender, recipient) VALUES ('2021-05-04 13:10:29', 3, 'PLN', 1, 4);
INSERT INTO invoice (date, value, currency, sender, recipient) VALUES ('2021-04-25 11:52:15', 85, 'BGN', 34, 12);
INSERT INTO invoice (date, value, currency, sender, recipient) VALUES ('2021-05-17 05:39:41', 59, 'HKD', 23, 8);
INSERT INTO invoice (date, value, currency, sender, recipient) VALUES ('2021-05-12 15:32:53', 84, 'GBP', 28, 11);
INSERT INTO invoice (date, value, currency, sender, recipient) VALUES ('2021-05-19 02:34:59', 88, 'BHD', 17, 5);
INSERT INTO invoice (date, value, currency, sender, recipient) VALUES ('2021-04-30 01:32:35', 19, 'NOK', 24, 29);
INSERT INTO invoice (date, value, currency, sender, recipient) VALUES ('2021-05-12 13:03:30', 43, 'PLN', 32, 25);
INSERT INTO invoice (date, value, currency, sender, recipient) VALUES ('2021-06-01 18:49:29', 9, 'BHD', 3, 3);
INSERT INTO invoice (date, value, currency, sender, recipient) VALUES ('2021-05-09 23:58:30', 96, 'PLN', 35, 27);
INSERT INTO invoice (date, value, currency, sender, recipient) VALUES ('2021-04-29 15:53:19', 45, 'GBP', 2, 5);
INSERT INTO invoice (date, value, currency, sender, recipient) VALUES ('2021-05-22 00:17:24', 75, 'BHD', 25, 28);
INSERT INTO invoice (date, value, currency, sender, recipient) VALUES ('2021-06-09 21:11:44', 74, 'PLN', 22, 3);
INSERT INTO invoice (date, value, currency, sender, recipient) VALUES ('2021-05-31 15:04:40', 29, 'BGN', 5, 12);
INSERT INTO invoice (date, value, currency, sender, recipient) VALUES ('2021-05-22 05:08:55', 42, 'NOK', 27, 7);
INSERT INTO invoice (date, value, currency, sender, recipient) VALUES ('2021-05-20 21:10:19', 9, 'CHF', 30, 2);
INSERT INTO invoice (date, value, currency, sender, recipient) VALUES ('2021-05-13 20:31:22', 79, 'NOK', 33, 3);
INSERT INTO invoice (date, value, currency, sender, recipient) VALUES ('2021-05-27 07:31:49', 32, 'PLN', 19, 24);
INSERT INTO invoice (date, value, currency, sender, recipient) VALUES ('2021-05-10 08:10:12', 66, 'SEK', 18, 20);
INSERT INTO invoice (date, value, currency, sender, recipient) VALUES ('2021-04-18 01:20:46', 44, 'AUD', 19, 13);
INSERT INTO invoice (date, value, currency, sender, recipient) VALUES ('2021-05-16 01:05:27', 15, 'USD', 7, 10);
INSERT INTO invoice (date, value, currency, sender, recipient) VALUES ('2021-05-30 03:06:29', 73, 'SEK', 4, 31);
INSERT INTO invoice (date, value, currency, sender, recipient) VALUES ('2021-06-08 12:39:08', 77, 'RUB', 30, 29);
INSERT INTO invoice (date, value, currency, sender, recipient) VALUES ('2021-04-30 21:34:36', 96, 'NOK', 15, 1);
INSERT INTO invoice (date, value, currency, sender, recipient) VALUES ('2021-05-18 21:44:16', 83, 'HKD', 25, 3);
INSERT INTO invoice (date, value, currency, sender, recipient) VALUES ('2021-04-25 17:00:57', 76, 'CHF', 33, 22);
INSERT INTO invoice (date, value, currency, sender, recipient) VALUES ('2021-05-10 19:51:50', 33, 'ALL', 6, 31);
INSERT INTO invoice (date, value, currency, sender, recipient) VALUES ('2021-05-11 23:43:30', 92, 'ALL', 24, 33);
INSERT INTO invoice (date, value, currency, sender, recipient) VALUES ('2021-05-22 01:25:55', 74, 'AUD', 17, 19);
INSERT INTO invoice (date, value, currency, sender, recipient) VALUES ('2021-04-22 17:45:36', 29, 'EUR', 14, 15);
INSERT INTO invoice (date, value, currency, sender, recipient) VALUES ('2021-04-20 11:04:43', 35, 'HKD', 13, 13);
INSERT INTO invoice (date, value, currency, sender, recipient) VALUES ('2021-06-08 18:33:36', 33, 'BGN', 3, 30);
INSERT INTO invoice (date, value, currency, sender, recipient) VALUES ('2021-05-11 08:28:38', 9, 'BHD', 13, 19);
INSERT INTO invoice (date, value, currency, sender, recipient) VALUES ('2021-05-15 13:31:33', 100, 'SEK', 9, 17);
INSERT INTO invoice (date, value, currency, sender, recipient) VALUES ('2021-04-28 00:43:31', 90, 'USD', 22, 13);
INSERT INTO invoice (date, value, currency, sender, recipient) VALUES ('2021-04-18 07:09:10', 53, 'PLN', 12, 25);
INSERT INTO invoice (date, value, currency, sender, recipient) VALUES ('2021-04-26 01:34:10', 2, 'CHF', 30, 7);
INSERT INTO invoice (date, value, currency, sender, recipient) VALUES ('2021-04-14 21:56:44', 96, 'HKD', 24, 17);
INSERT INTO invoice (date, value, currency, sender, recipient) VALUES ('2021-05-20 09:45:50', 31, 'EUR', 18, 14);
INSERT INTO invoice (date, value, currency, sender, recipient) VALUES ('2021-05-09 08:53:22', 48, 'CHF', 28, 5);
INSERT INTO invoice (date, value, currency, sender, recipient) VALUES ('2021-05-27 15:28:48', 50, 'EUR', 20, 19);
INSERT INTO invoice (date, value, currency, sender, recipient) VALUES ('2021-04-24 00:07:22', 4, 'BHD', 7, 9);
INSERT INTO invoice (date, value, currency, sender, recipient) VALUES ('2021-05-21 10:24:58', 7, 'RUB', 23, 16);
INSERT INTO invoice (date, value, currency, sender, recipient) VALUES ('2021-04-23 13:24:38', 96, 'SEK', 33, 16);
INSERT INTO invoice (date, value, currency, sender, recipient) VALUES ('2021-05-19 13:49:41', 63, 'BGN', 14, 18);
INSERT INTO invoice (date, value, currency, sender, recipient) VALUES ('2021-05-30 11:08:51', 13, 'RUB', 12, 29);
INSERT INTO invoice (date, value, currency, sender, recipient) VALUES ('2021-04-27 10:09:27', 40, 'GBP', 1, 15);
INSERT INTO invoice (date, value, currency, sender, recipient) VALUES ('2021-04-28 03:30:35', 84, 'ALL', 29, 9);
INSERT INTO invoice (date, value, currency, sender, recipient) VALUES ('2021-05-17 09:23:52', 70, 'BGN', 9, 32);
INSERT INTO invoice (date, value, currency, sender, recipient) VALUES ('2021-05-21 03:07:15', 30, 'NOK', 1, 24);
INSERT INTO invoice (date, value, currency, sender, recipient) VALUES ('2021-05-30 07:35:50', 74, 'BHD', 33, 33);
INSERT INTO invoice (date, value, currency, sender, recipient) VALUES ('2021-05-04 16:31:56', 37, 'RUB', 14, 21);
INSERT INTO invoice (date, value, currency, sender, recipient) VALUES ('2021-05-14 01:44:32', 60, 'USD', 4, 14);
INSERT INTO invoice (date, value, currency, sender, recipient) VALUES ('2021-05-18 17:30:04', 63, 'PLN', 29, 29);
INSERT INTO invoice (date, value, currency, sender, recipient) VALUES ('2021-06-03 09:11:32', 73, 'AUD', 27, 26);
INSERT INTO invoice (date, value, currency, sender, recipient) VALUES ('2021-04-30 09:39:12', 4, 'RUB', 4, 1);
INSERT INTO invoice (date, value, currency, sender, recipient) VALUES ('2021-05-13 16:56:03', 28, 'BHD', 29, 9);
INSERT INTO invoice (date, value, currency, sender, recipient) VALUES ('2021-06-06 08:35:36', 31, 'CHF', 20, 28);
INSERT INTO invoice (date, value, currency, sender, recipient) VALUES ('2021-05-25 07:27:42', 30, 'PLN', 2, 16);
INSERT INTO invoice (date, value, currency, sender, recipient) VALUES ('2021-04-26 01:51:57', 7, 'AUD', 2, 20);
INSERT INTO invoice (date, value, currency, sender, recipient) VALUES ('2021-04-22 04:08:45', 11, 'ALL', 14, 5);
INSERT INTO invoice (date, value, currency, sender, recipient) VALUES ('2021-05-10 17:08:14', 46, 'GBP', 25, 27);
INSERT INTO invoice (date, value, currency, sender, recipient) VALUES ('2021-06-11 01:08:04', 33, 'SEK', 34, 28);
INSERT INTO invoice (date, value, currency, sender, recipient) VALUES ('2021-05-01 08:02:59', 3, 'PLN', 35, 17);
INSERT INTO invoice (date, value, currency, sender, recipient) VALUES ('2021-04-18 16:50:39', 33, 'EUR', 23, 3);
INSERT INTO invoice (date, value, currency, sender, recipient) VALUES ('2021-06-01 14:06:15', 31, 'BGN', 17, 29);
INSERT INTO invoice (date, value, currency, sender, recipient) VALUES ('2021-05-06 20:20:52', 16, 'ALL', 11, 3);
INSERT INTO invoice (date, value, currency, sender, recipient) VALUES ('2021-06-05 05:29:52', 75, 'AUD', 20, 18);
INSERT INTO invoice (date, value, currency, sender, recipient) VALUES ('2021-05-16 22:47:01', 51, 'CHF', 19, 2);
INSERT INTO invoice (date, value, currency, sender, recipient) VALUES ('2021-05-28 11:14:34', 71, 'RUB', 28, 25);
INSERT INTO invoice (date, value, currency, sender, recipient) VALUES ('2021-04-14 11:18:55', 43, 'BHD', 20, 34);
INSERT INTO invoice (date, value, currency, sender, recipient) VALUES ('2021-05-06 19:50:19', 55, 'EUR', 20, 29);
INSERT INTO invoice (date, value, currency, sender, recipient) VALUES ('2021-05-11 02:45:21', 58, 'CHF', 35, 26);
INSERT INTO invoice (date, value, currency, sender, recipient) VALUES ('2021-06-05 07:05:57', 75, 'AUD', 16, 5);
INSERT INTO invoice (date, value, currency, sender, recipient) VALUES ('2021-06-03 19:28:13', 96, 'GBP', 29, 4);
INSERT INTO invoice (date, value, currency, sender, recipient) VALUES ('2021-04-19 00:25:45', 75, 'ALL', 21, 11);
INSERT INTO invoice (date, value, currency, sender, recipient) VALUES ('2021-06-03 09:53:27', 69, 'ALL', 13, 29);
INSERT INTO invoice (date, value, currency, sender, recipient) VALUES ('2021-04-15 02:46:10', 48, 'HKD', 14, 17);
INSERT INTO invoice (date, value, currency, sender, recipient) VALUES ('2021-05-05 17:13:23', 23, 'SEK', 25, 23);
INSERT INTO invoice (date, value, currency, sender, recipient) VALUES ('2021-04-12 20:18:16', 36, 'PLN', 14, 7);
INSERT INTO invoice (date, value, currency, sender, recipient) VALUES ('2021-04-28 05:33:05', 50, 'CHF', 15, 19);
INSERT INTO invoice (date, value, currency, sender, recipient) VALUES ('2021-06-07 17:12:06', 36, 'BHD', 32, 20);
INSERT INTO invoice (date, value, currency, sender, recipient) VALUES ('2021-06-07 13:49:47', 70, 'SEK', 21, 30);
INSERT INTO invoice (date, value, currency, sender, recipient) VALUES ('2021-05-10 08:44:15', 93, 'BGN', 35, 22);
INSERT INTO invoice (date, value, currency, sender, recipient) VALUES ('2021-05-26 11:18:46', 32, 'AUD', 4, 12);
INSERT INTO invoice (date, value, currency, sender, recipient) VALUES ('2021-05-13 16:34:40', 93, 'SEK', 32, 26);
INSERT INTO invoice (date, value, currency, sender, recipient) VALUES ('2021-05-03 15:13:17', 38, 'CHF', 32, 3);
INSERT INTO invoice (date, value, currency, sender, recipient) VALUES ('2021-05-27 08:03:28', 82, 'USD', 2, 22);
INSERT INTO invoice (date, value, currency, sender, recipient) VALUES ('2021-06-10 18:12:27', 82, 'ALL', 11, 31);
INSERT INTO invoice (date, value, currency, sender, recipient) VALUES ('2021-05-10 08:28:48', 80, 'RUB', 33, 10);
INSERT INTO invoice (date, value, currency, sender, recipient) VALUES ('2021-05-23 20:28:15', 57, 'CHF', 19, 12);
INSERT INTO invoice (date, value, currency, sender, recipient) VALUES ('2021-05-27 21:24:59', 58, 'AUD', 24, 18);
INSERT INTO invoice (date, value, currency, sender, recipient) VALUES ('2021-05-16 12:33:34', 51, 'NOK', 15, 1);
INSERT INTO invoice (date, value, currency, sender, recipient) VALUES ('2021-06-03 13:28:55', 87, 'BHD', 18, 27);
INSERT INTO invoice (date, value, currency, sender, recipient) VALUES ('2021-04-30 15:18:09', 98, 'CHF', 3, 4);
INSERT INTO invoice (date, value, currency, sender, recipient) VALUES ('2021-05-26 01:09:56', 13, 'NOK', 17, 26);
INSERT INTO invoice (date, value, currency, sender, recipient) VALUES ('2021-04-24 14:56:00', 47, 'RUB', 1, 21);
INSERT INTO invoice (date, value, currency, sender, recipient) VALUES ('2021-05-08 10:04:35', 7, 'BHD', 10, 24);
INSERT INTO invoice (date, value, currency, sender, recipient) VALUES ('2021-05-08 08:14:41', 4, 'BHD', 15, 15);
INSERT INTO invoice (date, value, currency, sender, recipient) VALUES ('2021-04-25 23:05:20', 2, 'BGN', 2, 26);
INSERT INTO invoice (date, value, currency, sender, recipient) VALUES ('2021-05-30 01:09:29', 54, 'USD', 9, 21);
INSERT INTO invoice (date, value, currency, sender, recipient) VALUES ('2021-04-18 04:34:40', 53, 'EUR', 33, 12);
INSERT INTO invoice (date, value, currency, sender, recipient) VALUES ('2021-05-31 12:13:17', 92, 'NOK', 32, 24);
INSERT INTO invoice (date, value, currency, sender, recipient) VALUES ('2021-06-05 16:28:05', 13, 'PLN', 29, 28);
INSERT INTO invoice (date, value, currency, sender, recipient) VALUES ('2021-05-15 18:48:01', 25, 'GBP', 13, 11);
INSERT INTO invoice (date, value, currency, sender, recipient) VALUES ('2021-05-17 13:54:13', 91, 'EUR', 11, 34);
INSERT INTO invoice (date, value, currency, sender, recipient) VALUES ('2021-05-27 03:09:32', 49, 'BHD', 6, 34);
INSERT INTO invoice (date, value, currency, sender, recipient) VALUES ('2021-05-04 06:19:31', 64, 'USD', 17, 35);
INSERT INTO invoice (date, value, currency, sender, recipient) VALUES ('2021-04-24 04:10:52', 99, 'BGN', 13, 9);
INSERT INTO invoice (date, value, currency, sender, recipient) VALUES ('2021-04-24 21:40:26', 20, 'EUR', 7, 2);
INSERT INTO invoice (date, value, currency, sender, recipient) VALUES ('2021-05-13 07:40:31', 91, 'BHD', 7, 30);
INSERT INTO invoice (date, value, currency, sender, recipient) VALUES ('2021-05-28 20:39:45', 55, 'SEK', 16, 17);
INSERT INTO invoice (date, value, currency, sender, recipient) VALUES ('2021-04-27 11:17:12', 81, 'EUR', 4, 13);
INSERT INTO invoice (date, value, currency, sender, recipient) VALUES ('2021-05-08 19:08:43', 80, 'NOK', 32, 8);
INSERT INTO invoice (date, value, currency, sender, recipient) VALUES ('2021-05-22 10:44:01', 94, 'HKD', 3, 3);
INSERT INTO invoice (date, value, currency, sender, recipient) VALUES ('2021-05-16 01:43:43', 56, 'PLN', 32, 27);
INSERT INTO invoice (date, value, currency, sender, recipient) VALUES ('2021-06-05 09:28:41', 33, 'EUR', 1, 20);
INSERT INTO invoice (date, value, currency, sender, recipient) VALUES ('2021-04-19 02:52:51', 52, 'CHF', 32, 11);
INSERT INTO invoice (date, value, currency, sender, recipient) VALUES ('2021-06-04 15:40:41', 2, 'GBP', 23, 35);
INSERT INTO invoice (date, value, currency, sender, recipient) VALUES ('2021-04-29 12:34:00', 56, 'SEK', 21, 21);
INSERT INTO invoice (date, value, currency, sender, recipient) VALUES ('2021-06-04 12:56:45', 1, 'PLN', 25, 35);
INSERT INTO invoice (date, value, currency, sender, recipient) VALUES ('2021-05-17 15:31:21', 81, 'BHD', 7, 15);
INSERT INTO invoice (date, value, currency, sender, recipient) VALUES ('2021-04-20 01:09:28', 69, 'NOK', 3, 21);
INSERT INTO invoice (date, value, currency, sender, recipient) VALUES ('2021-05-01 11:14:06', 39, 'BHD', 23, 31);
INSERT INTO invoice (date, value, currency, sender, recipient) VALUES ('2021-05-04 12:43:36', 73, 'NOK', 15, 33);
INSERT INTO invoice (date, value, currency, sender, recipient) VALUES ('2021-05-17 03:37:08', 28, 'SEK', 15, 29);
INSERT INTO invoice (date, value, currency, sender, recipient) VALUES ('2021-05-26 09:59:08', 78, 'CHF', 15, 35);
INSERT INTO invoice (date, value, currency, sender, recipient) VALUES ('2021-05-06 11:55:27', 97, 'BGN', 34, 8);
INSERT INTO invoice (date, value, currency, sender, recipient) VALUES ('2021-04-13 13:38:04', 20, 'ALL', 30, 29);
INSERT INTO invoice (date, value, currency, sender, recipient) VALUES ('2021-06-08 09:04:43', 7, 'ALL', 11, 26);
INSERT INTO invoice (date, value, currency, sender, recipient) VALUES ('2021-04-30 09:49:46', 96, 'USD', 10, 13);
INSERT INTO invoice (date, value, currency, sender, recipient) VALUES ('2021-06-09 09:53:43', 3, 'ALL', 17, 12);
INSERT INTO invoice (date, value, currency, sender, recipient) VALUES ('2021-05-20 22:25:33', 38, 'CHF', 14, 8);
INSERT INTO invoice (date, value, currency, sender, recipient) VALUES ('2021-05-20 02:54:03', 91, 'BHD', 22, 1);
INSERT INTO invoice (date, value, currency, sender, recipient) VALUES ('2021-05-01 04:42:11', 47, 'NOK', 34, 8);
INSERT INTO invoice (date, value, currency, sender, recipient) VALUES ('2021-05-29 00:25:37', 74, 'ALL', 5, 17);
INSERT INTO invoice (date, value, currency, sender, recipient) VALUES ('2021-04-17 10:57:24', 11, 'EUR', 21, 22);
INSERT INTO invoice (date, value, currency, sender, recipient) VALUES ('2021-05-12 00:58:48', 75, 'CHF', 21, 15);
INSERT INTO invoice (date, value, currency, sender, recipient) VALUES ('2021-04-18 13:29:46', 23, 'SEK', 35, 30);
INSERT INTO invoice (date, value, currency, sender, recipient) VALUES ('2021-06-10 04:31:39', 83, 'ALL', 28, 27);
INSERT INTO invoice (date, value, currency, sender, recipient) VALUES ('2021-06-05 04:32:46', 38, 'GBP', 18, 4);
INSERT INTO invoice (date, value, currency, sender, recipient) VALUES ('2021-05-18 12:17:48', 59, 'NOK', 35, 31);
INSERT INTO invoice (date, value, currency, sender, recipient) VALUES ('2021-06-01 18:41:31', 5, 'NOK', 14, 29);
INSERT INTO invoice (date, value, currency, sender, recipient) VALUES ('2021-04-29 06:20:26', 86, 'AUD', 24, 7);
INSERT INTO invoice (date, value, currency, sender, recipient) VALUES ('2021-04-21 20:55:07', 66, 'HKD', 27, 21);
INSERT INTO invoice (date, value, currency, sender, recipient) VALUES ('2021-04-30 01:30:58', 9, 'CHF', 15, 30);
INSERT INTO invoice (date, value, currency, sender, recipient) VALUES ('2021-06-06 02:14:08', 71, 'RUB', 5, 24);
INSERT INTO invoice (date, value, currency, sender, recipient) VALUES ('2021-04-23 01:41:18', 6, 'AUD', 5, 12);
INSERT INTO invoice (date, value, currency, sender, recipient) VALUES ('2021-05-23 13:47:13', 82, 'USD', 7, 3);
INSERT INTO invoice (date, value, currency, sender, recipient) VALUES ('2021-05-23 04:37:01', 28, 'GBP', 28, 32);
INSERT INTO invoice (date, value, currency, sender, recipient) VALUES ('2021-04-27 21:14:17', 19, 'RUB', 34, 2);
INSERT INTO invoice (date, value, currency, sender, recipient) VALUES ('2021-04-20 01:33:51', 15, 'SEK', 2, 22);
INSERT INTO invoice (date, value, currency, sender, recipient) VALUES ('2021-06-05 17:16:31', 55, 'EUR', 6, 5);
INSERT INTO invoice (date, value, currency, sender, recipient) VALUES ('2021-05-15 10:59:47', 15, 'NOK', 25, 18);
INSERT INTO invoice (date, value, currency, sender, recipient) VALUES ('2021-04-19 10:55:11', 94, 'EUR', 21, 8);
INSERT INTO invoice (date, value, currency, sender, recipient) VALUES ('2021-06-06 04:06:28', 11, 'SEK', 11, 5);
INSERT INTO invoice (date, value, currency, sender, recipient) VALUES ('2021-05-16 13:19:43', 10, 'RUB', 13, 32);
INSERT INTO invoice (date, value, currency, sender, recipient) VALUES ('2021-04-12 22:41:17', 41, 'RUB', 33, 21);
INSERT INTO invoice (date, value, currency, sender, recipient) VALUES ('2021-05-17 00:07:06', 54, 'HKD', 4, 2);
INSERT INTO invoice (date, value, currency, sender, recipient) VALUES ('2021-05-15 18:09:54', 74, 'BHD', 9, 3);
INSERT INTO invoice (date, value, currency, sender, recipient) VALUES ('2021-05-09 20:08:50', 54, 'RUB', 9, 3);
INSERT INTO invoice (date, value, currency, sender, recipient) VALUES ('2021-05-09 13:01:10', 72, 'GBP', 15, 5);
INSERT INTO invoice (date, value, currency, sender, recipient) VALUES ('2021-04-26 03:46:36', 37, 'BHD', 33, 2);
INSERT INTO invoice (date, value, currency, sender, recipient) VALUES ('2021-04-20 04:08:03', 97, 'USD', 2, 2);
INSERT INTO invoice (date, value, currency, sender, recipient) VALUES ('2021-05-18 20:27:16', 79, 'CHF', 31, 15);
INSERT INTO invoice (date, value, currency, sender, recipient) VALUES ('2021-04-19 00:21:17', 2, 'RUB', 35, 7);
INSERT INTO invoice (date, value, currency, sender, recipient) VALUES ('2021-05-21 22:29:27', 71, 'CHF', 26, 5);
INSERT INTO invoice (date, value, currency, sender, recipient) VALUES ('2021-05-30 06:16:13', 35, 'PLN', 5, 26);
INSERT INTO invoice (date, value, currency, sender, recipient) VALUES ('2021-05-14 01:59:38', 17, 'PLN', 13, 4);
INSERT INTO invoice (date, value, currency, sender, recipient) VALUES ('2021-06-07 16:19:35', 85, 'ALL', 13, 25);
INSERT INTO invoice (date, value, currency, sender, recipient) VALUES ('2021-05-11 00:27:15', 7, 'SEK', 34, 8);
INSERT INTO invoice (date, value, currency, sender, recipient) VALUES ('2021-05-22 14:25:43', 36, 'CHF', 21, 19);
INSERT INTO invoice (date, value, currency, sender, recipient) VALUES ('2021-05-18 08:12:04', 59, 'BGN', 12, 11);
INSERT INTO invoice (date, value, currency, sender, recipient) VALUES ('2021-06-08 02:47:12', 57, 'RUB', 18, 20);
INSERT INTO invoice (date, value, currency, sender, recipient) VALUES ('2021-06-05 20:24:34', 89, 'ALL', 31, 15);
INSERT INTO invoice (date, value, currency, sender, recipient) VALUES ('2021-05-02 21:13:52', 88, 'RUB', 2, 35);
INSERT INTO invoice (date, value, currency, sender, recipient) VALUES ('2021-05-12 23:09:31', 33, 'SEK', 4, 21);
INSERT INTO invoice (date, value, currency, sender, recipient) VALUES ('2021-06-10 05:41:28', 99, 'SEK', 13, 26);
INSERT INTO invoice (date, value, currency, sender, recipient) VALUES ('2021-04-14 02:30:09', 87, 'BHD', 8, 12);
INSERT INTO invoice (date, value, currency, sender, recipient) VALUES ('2021-04-30 20:17:08', 76, 'USD', 10, 26);
INSERT INTO invoice (date, value, currency, sender, recipient) VALUES ('2021-05-14 08:46:57', 77, 'BGN', 7, 27);
INSERT INTO invoice (date, value, currency, sender, recipient) VALUES ('2021-05-19 07:16:10', 19, 'RUB', 20, 8);
INSERT INTO invoice (date, value, currency, sender, recipient) VALUES ('2021-05-03 14:47:43', 4, 'BGN', 33, 26);
INSERT INTO invoice (date, value, currency, sender, recipient) VALUES ('2021-05-19 01:53:24', 8, 'PLN', 23, 10);
INSERT INTO invoice (date, value, currency, sender, recipient) VALUES ('2021-05-30 12:37:19', 39, 'NOK', 2, 28);
INSERT INTO invoice (date, value, currency, sender, recipient) VALUES ('2021-06-06 23:23:39', 42, 'BGN', 2, 32);
INSERT INTO invoice (date, value, currency, sender, recipient) VALUES ('2021-04-27 07:49:44', 23, 'HKD', 5, 4);
INSERT INTO invoice (date, value, currency, sender, recipient) VALUES ('2021-04-22 11:13:13', 69, 'RUB', 23, 17);
INSERT INTO invoice (date, value, currency, sender, recipient) VALUES ('2021-05-22 17:31:28', 67, 'SEK', 6, 27);
INSERT INTO invoice (date, value, currency, sender, recipient) VALUES ('2021-05-10 21:31:12', 38, 'EUR', 14, 30);
INSERT INTO invoice (date, value, currency, sender, recipient) VALUES ('2021-04-13 10:50:23', 44, 'BHD', 27, 7);
INSERT INTO invoice (date, value, currency, sender, recipient) VALUES ('2021-04-28 10:40:46', 73, 'PLN', 30, 15);
INSERT INTO invoice (date, value, currency, sender, recipient) VALUES ('2021-04-20 12:44:59', 76, 'NOK', 34, 14);
INSERT INTO invoice (date, value, currency, sender, recipient) VALUES ('2021-04-19 18:24:50', 55, 'ALL', 3, 1);
INSERT INTO invoice (date, value, currency, sender, recipient) VALUES ('2021-05-10 20:50:54', 79, 'PLN', 15, 9);
INSERT INTO invoice (date, value, currency, sender, recipient) VALUES ('2021-05-15 10:14:45', 63, 'BHD', 5, 14);
INSERT INTO invoice (date, value, currency, sender, recipient) VALUES ('2021-05-12 06:23:23', 6, 'EUR', 17, 29);
INSERT INTO invoice (date, value, currency, sender, recipient) VALUES ('2021-05-25 04:45:29', 92, 'RUB', 15, 32);
INSERT INTO invoice (date, value, currency, sender, recipient) VALUES ('2021-05-06 23:53:40', 16, 'ALL', 13, 28);
INSERT INTO invoice (date, value, currency, sender, recipient) VALUES ('2021-06-04 00:35:10', 98, 'HKD', 31, 17);
INSERT INTO invoice (date, value, currency, sender, recipient) VALUES ('2021-06-05 16:24:50', 19, 'HKD', 33, 21);
INSERT INTO invoice (date, value, currency, sender, recipient) VALUES ('2021-05-14 23:11:59', 56, 'BGN', 24, 19);
INSERT INTO invoice (date, value, currency, sender, recipient) VALUES ('2021-05-12 22:56:26', 1, 'USD', 25, 28);
INSERT INTO invoice (date, value, currency, sender, recipient) VALUES ('2021-05-07 15:39:05', 31, 'NOK', 29, 9);
INSERT INTO invoice (date, value, currency, sender, recipient) VALUES ('2021-05-30 01:02:51', 100, 'USD', 8, 13);
INSERT INTO invoice (date, value, currency, sender, recipient) VALUES ('2021-06-05 01:34:11', 67, 'ALL', 17, 26);
INSERT INTO invoice (date, value, currency, sender, recipient) VALUES ('2021-05-20 11:34:41', 76, 'BHD', 16, 25);
INSERT INTO invoice (date, value, currency, sender, recipient) VALUES ('2021-04-22 15:10:27', 93, 'ALL', 16, 26);
INSERT INTO invoice (date, value, currency, sender, recipient) VALUES ('2021-04-27 00:32:38', 29, 'ALL', 29, 35);
INSERT INTO invoice (date, value, currency, sender, recipient) VALUES ('2021-06-04 08:52:43', 55, 'EUR', 13, 19);
INSERT INTO invoice (date, value, currency, sender, recipient) VALUES ('2021-04-19 06:07:43', 11, 'EUR', 19, 25);
INSERT INTO invoice (date, value, currency, sender, recipient) VALUES ('2021-04-18 23:41:32', 35, 'ALL', 19, 24);
INSERT INTO invoice (date, value, currency, sender, recipient) VALUES ('2021-05-02 07:21:25', 58, 'NOK', 10, 33);
INSERT INTO invoice (date, value, currency, sender, recipient) VALUES ('2021-05-17 17:00:49', 90, 'CHF', 22, 29);
INSERT INTO invoice (date, value, currency, sender, recipient) VALUES ('2021-04-20 21:22:49', 11, 'HKD', 27, 16);
INSERT INTO invoice (date, value, currency, sender, recipient) VALUES ('2021-05-28 01:30:29', 92, 'SEK', 31, 17);
INSERT INTO invoice (date, value, currency, sender, recipient) VALUES ('2021-04-17 14:37:44', 27, 'BGN', 35, 30);
INSERT INTO invoice (date, value, currency, sender, recipient) VALUES ('2021-05-13 17:24:50', 48, 'GBP', 9, 10);
INSERT INTO invoice (date, value, currency, sender, recipient) VALUES ('2021-04-26 18:51:48', 2, 'AUD', 30, 16);
INSERT INTO invoice (date, value, currency, sender, recipient) VALUES ('2021-04-15 23:41:31', 74, 'HKD', 21, 14);
INSERT INTO invoice (date, value, currency, sender, recipient) VALUES ('2021-04-26 22:21:48', 73, 'BGN', 7, 20);
